Container-ID,Stadtteil,Adresse,Datum,Uhrzeit,Fuellstand,Containergroesse,Container-Typ
KA-0000-W,Aue/Lohn-Lissen,Auer Straße/Hildebrandstraße,2024-12-31,18:00,100.0,2.5,Weiß
KA-0001-G,Aue/Lohn-Lissen,Auer Straße/Hildebrandstraße,2024-12-31,20:00,100.0,2.5,Grün
KA-0002-B,Aue/Lohn-Lissen,Auer Straße/Hildebrandstraße,2024-12-31,20:00,70.3,2.5,Braun
KA-0003-W,Aue/Lohn-Lissen,Brühl­stra­ße/­Grenz­straße, Park­platz,2024-12-31,18:00,100.0,2.5,Weiß
KA-0004-G,Aue/Lohn-Lissen,Brühl­stra­ße/­Grenz­straße, Park­platz,2024-12-31,20:00,35.4,2.5,Grün
KA-0005-B,Aue/Lohn-Lissen,Brühl­stra­ße/­Grenz­straße, Park­platz,2024-12-31,18:00,100.0,2.5,Braun
KA-0006-W,Aue/Lohn-Lissen,Eckhardt­stra­ße/­Diet­rich­straße,2024-12-31,20:00,67.2,2.5,Weiß
KA-0007-G,Aue/Lohn-Lissen,Eckhardt­stra­ße/­Diet­rich­straße,2024-12-31,16:00,87.4,2.5,Grün
KA-0008-B,Aue/Lohn-Lissen,Eckhardt­stra­ße/­Diet­rich­straße,2024-12-31,20:00,61.8,2.5,Braun
KA-0009-W,Aue/Lohn-Lissen,Ellmen­din­ger Straße/Reichen­bach­straße (EDEKA),2024-12-31,20:00,100.0,1.5,Weiß
KA-0010-G,Aue/Lohn-Lissen,Ellmen­din­ger Straße/Reichen­bach­straße (EDEKA),2024-12-31,16:00,100.0,1.5,Grün
KA-0011-W,Aue/Lohn-Lissen,Ellmen­din­ger Straße/Auf den Lohn,2024-12-31,16:00,70.0,2.5,Weiß
KA-0012-G,Aue/Lohn-Lissen,Ellmen­din­ger Straße/Auf den Lohn,2024-12-31,18:00,100.0,2.5,Grün
KA-0013-W,Aue/Lohn-Lissen,Ellmen­din­ger Straße/Er­sin­ger Straße (Park­platz),2024-12-31,20:00,57.9,2.5,Weiß
KA-0014-G,Aue/Lohn-Lissen,Ellmen­din­ger Straße/Er­sin­ger Straße (Park­platz),2024-12-31,14:00,44.0,2.5,Grün
KA-0015-W,Aue/Lohn-Lissen,Ellmen­din­ger Straße/­Gra­zer Straße,2024-12-31,18:00,100.0,2.5,Weiß
KA-0016-G,Aue/Lohn-Lissen,Ellmen­din­ger Straße/­Gra­zer Straße,2024-12-31,16:00,49.9,2.5,Grün
KA-0017-B,Aue/Lohn-Lissen,Ellmen­din­ger Straße/­Gra­zer Straße,2024-12-31,20:00,100.0,2.5,Braun
KA-0018-W,Aue/Lohn-Lissen,Ellmen­din­ger Straße/­Steg­wie­sen­straße,2024-12-31,18:00,87.2,1.5,Weiß
KA-0019-G,Aue/Lohn-Lissen,Ellmen­din­ger Straße/­Steg­wie­sen­straße,2024-12-31,14:00,76.8,1.5,Grün
KA-0020-B,Aue/Lohn-Lissen,Ellmen­din­ger Straße/­Steg­wie­sen­straße,2024-12-31,18:00,100.0,1.5,Braun
KA-0021-W,Aue/Lohn-Lissen,Killis­feld­stra­ße/­Lis­sen­straße (Super­markt, Parkplatz),2024-12-31,18:00,44.4,2.5,Weiß
KA-0022-G,Aue/Lohn-Lissen,Killis­feld­stra­ße/­Lis­sen­straße (Super­markt, Parkplatz),2024-12-31,20:00,100.0,2.5,Grün
KA-0023-W,Aue/Lohn-Lissen,Ostmarkstraße/Im Säuterich,2024-12-31,20:00,40.2,1.5,Weiß
KA-0024-G,Aue/Lohn-Lissen,Ostmarkstraße/Im Säuterich,2024-12-31,20:00,100.0,1.5,Grün
KA-0025-W,Aue/Lohn-Lissen,Schlesier Straße/­Kar­pa­ten­straße,2024-12-31,20:00,58.5,2.5,Weiß
KA-0026-G,Aue/Lohn-Lissen,Schlesier Straße/­Kar­pa­ten­straße,2024-12-31,20:00,77.4,2.5,Grün
KA-0027-B,Aue/Lohn-Lissen,Schlesier Straße/­Kar­pa­ten­straße,2024-12-31,16:00,70.6,2.5,Braun
KA-0028-W,Aue/Lohn-Lissen,Wach­haus­straße (bei Bushal­te­stel­le),2024-12-31,20:00,55.8,2.5,Weiß
KA-0029-G,Aue/Lohn-Lissen,Wach­haus­straße (bei Bushal­te­stel­le),2024-12-31,18:00,58.8,2.5,Grün
KA-0030-B,Aue/Lohn-Lissen,Wach­haus­straße (bei Bushal­te­stel­le),2024-12-31,20:00,59.9,2.5,Braun
KA-0031-W,Aue/Lohn-Lissen,Wilfer­din­ger Straße/I­sprin­ger Straße,2024-12-31,12:00,51.6,2.5,Weiß
KA-0032-G,Aue/Lohn-Lissen,Wilfer­din­ger Straße/I­sprin­ger Straße,2024-12-31,20:00,18.5,2.5,Grün
KA-0033-W,Beiertheim,Breite Straße/­Geb­hard­straße,2024-12-31,18:00,100.0,1.5,Weiß
KA-0034-G,Beiertheim,Breite Straße/­Geb­hard­straße,2024-12-31,20:00,76.5,1.5,Grün
KA-0035-B,Beiertheim,Breite Straße/­Geb­hard­straße,2024-12-31,14:00,100.0,1.5,Braun
KA-0036-W,Beiertheim,Brei­te Stra­ße/­Ma­rie-Alexandra-Straße,2024-12-31,18:00,50.6,1.5,Weiß
KA-0037-G,Beiertheim,Brei­te Stra­ße/­Ma­rie-Alexandra-Straße,2024-12-31,20:00,83.7,1.5,Grün
KA-0038-W,Beiertheim,Ebert­straße vor Nr. 44,2024-12-31,20:00,37.7,2.5,Weiß
KA-0039-G,Beiertheim,Ebert­straße vor Nr. 44,2024-12-31,20:00,39.5,2.5,Grün
KA-0040-W,Euro­pa­halle (bei SVK Beiert­heim),Gebhard­stra­ße/E­bert­straße (bei Kirche),2024-12-31,14:00,95.7,2.5,Weiß
KA-0041-G,Euro­pa­halle (bei SVK Beiert­heim),Gebhard­stra­ße/E­bert­straße (bei Kirche),2024-12-31,18:00,100.0,2.5,Grün
KA-0042-W,Euro­pa­halle (bei SVK Beiert­heim),Wart­burg­stra­ße/­Ho­hen­zol­l­ern­stra­ße,2024-12-31,20:00,100.0,1.5,Weiß
KA-0043-G,Euro­pa­halle (bei SVK Beiert­heim),Wart­burg­stra­ße/­Ho­hen­zol­l­ern­stra­ße,2024-12-31,20:00,100.0,1.5,Grün
KA-0044-W,Bergwald­sied­lung,Elsa-Brändström-Straße (Parkplatz Nr. 13 a),2024-12-31,20:00,100.0,1.5,Weiß
KA-0045-G,Bergwald­sied­lung,Elsa-Brändström-Straße (Parkplatz Nr. 13 a),2024-12-31,16:00,99.5,1.5,Grün
KA-0046-W,Bergwald­sied­lung,Fridtjof-Nansen-Straße bei Nr. 17 – 27,2024-12-31,18:00,89.4,1.5,Weiß
KA-0047-G,Bergwald­sied­lung,Fridtjof-Nansen-Straße bei Nr. 17 – 27,2024-12-31,18:00,100.0,1.5,Grün
KA-0048-W,Bergwald­sied­lung,Straße des Roten Kreuzes/Hoo­ver­stra­ße,2024-12-31,20:00,73.1,1.5,Weiß
KA-0049-G,Bergwald­sied­lung,Straße des Roten Kreuzes/Hoo­ver­stra­ße,2024-12-31,20:00,75.2,1.5,Grün
KA-0050-B,Bergwald­sied­lung,Straße des Roten Kreuzes/Hoo­ver­stra­ße,2024-12-31,20:00,100.0,1.5,Braun
KA-0051-W,Bulach,Bann­waldal­lee/­Land­gra­ben­straße,2024-12-31,20:00,64.3,1.5,Weiß
KA-0052-G,Bulach,Bann­waldal­lee/­Land­gra­ben­straße,2024-12-31,18:00,87.4,1.5,Grün
KA-0053-W,Bulach,Grün­wink­ler Straße/­Land­gra­ben­straße,2024-12-31,20:00,64.0,2.5,Weiß
KA-0054-G,Bulach,Grün­wink­ler Straße/­Land­gra­ben­straße,2024-12-31,18:00,71.6,2.5,Grün
KA-0055-B,Bulach,Grün­wink­ler Straße/­Land­gra­ben­straße,2024-12-31,20:00,100.0,2.5,Braun
KA-0056-W,Bulach,Wegen einer Baumaßnahme bis auf Weiteres abgezogen – nächst­ge­le­ge­ner Standplatz: Litzen­hardt­straße beim Fried­hof.,2024-12-31,20:00,100.0,2.5,Weiß
KA-0057-G,Bulach,Wegen einer Baumaßnahme bis auf Weiteres abgezogen – nächst­ge­le­ge­ner Standplatz: Litzen­hardt­straße beim Fried­hof.,2024-12-31,18:00,73.4,2.5,Grün
KA-0058-B,Bulach,Wegen einer Baumaßnahme bis auf Weiteres abgezogen – nächst­ge­le­ge­ner Standplatz: Litzen­hardt­straße beim Fried­hof.,2024-12-31,16:00,100.0,2.5,Braun
KA-0059-W,Dammer­stock,Nürn­ber­ger Straße/Of­fen­bur­ger Straße,2024-12-31,20:00,45.9,2.5,Weiß
KA-0060-G,Dammer­stock,Nürn­ber­ger Straße/Of­fen­bur­ger Straße,2024-12-31,18:00,100.0,2.5,Grün
KA-0061-B,Dammer­stock,Nürn­ber­ger Straße/Of­fen­bur­ger Straße,2024-12-31,14:00,100.0,2.5,Braun
KA-0062-W,Dammer­stock,Nürn­ber­ger Straße/Rechts der Alb,2024-12-31,16:00,61.5,1.5,Weiß
KA-0063-G,Dammer­stock,Nürn­ber­ger Straße/Rechts der Alb,2024-12-31,18:00,27.6,1.5,Grün
KA-0064-W,Festplatz (bei Feuer­wehr­haus Waidweg),Fett­weis­s­traße (Wert­stoffs­ta­tion – beachten Sie die Öffnungs­zei­ten),2024-12-31,20:00,100.0,1.5,Weiß
KA-0065-G,Festplatz (bei Feuer­wehr­haus Waidweg),Fett­weis­s­traße (Wert­stoffs­ta­tion – beachten Sie die Öffnungs­zei­ten),2024-12-31,16:00,98.2,1.5,Grün
KA-0066-W,Festplatz (bei Feuer­wehr­haus Waidweg),Hansa­stra­ße/­Fett­weis­s­traße (Steu­er­mann),2024-12-31,18:00,100.0,2.5,Weiß
KA-0067-G,Festplatz (bei Feuer­wehr­haus Waidweg),Hansa­stra­ße/­Fett­weis­s­traße (Steu­er­mann),2024-12-31,20:00,59.5,2.5,Grün
KA-0068-B,Festplatz (bei Feuer­wehr­haus Waidweg),Hansa­stra­ße/­Fett­weis­s­traße (Steu­er­mann),2024-12-31,20:00,23.0,2.5,Braun
KA-0069-W,Festplatz (bei Feuer­wehr­haus Waidweg),Hahnen­stra­ße/In­sel­straße (Schlau­cher­platz),2024-12-31,16:00,100.0,1.5,Weiß
KA-0070-G,Festplatz (bei Feuer­wehr­haus Waidweg),Hahnen­stra­ße/In­sel­straße (Schlau­cher­platz),2024-12-31,20:00,100.0,1.5,Grün
KA-0071-W,Festplatz (bei Feuer­wehr­haus Waidweg),Kasten­wört­stra­ße/Tur­ner­straße,2024-12-31,20:00,77.7,2.5,Weiß
KA-0072-G,Festplatz (bei Feuer­wehr­haus Waidweg),Kasten­wört­stra­ße/Tur­ner­straße,2024-12-31,18:00,81.5,2.5,Grün
KA-0073-W,Festplatz (bei Feuer­wehr­haus Waidweg),Werft­straße (bei Toilet­ten­haus, schräg gegenüber Anlege­stelle MS Karls­ru­he),2024-12-31,20:00,100.0,2.5,Weiß
KA-0074-G,Festplatz (bei Feuer­wehr­haus Waidweg),Werft­straße (bei Toilet­ten­haus, schräg gegenüber Anlege­stelle MS Karls­ru­he),2024-12-31,18:00,100.0,2.5,Grün
KA-0075-B,Festplatz (bei Feuer­wehr­haus Waidweg),Werft­straße (bei Toilet­ten­haus, schräg gegenüber Anlege­stelle MS Karls­ru­he),2024-12-31,20:00,88.5,2.5,Braun
KA-0076-W,Durlach,Alte Weingar­te­ner Straße 63 (Wert­stoffs­ta­tion bei Tierkör­per­be­sei­ti­gungs­an­stalt – beachten Sie die Öffnungs­zei­ten),2024-12-31,20:00,100.0,1.5,Weiß
KA-0077-G,Durlach,Alte Weingar­te­ner Straße 63 (Wert­stoffs­ta­tion bei Tierkör­per­be­sei­ti­gungs­an­stalt – beachten Sie die Öffnungs­zei­ten),2024-12-31,20:00,67.1,1.5,Grün
KA-0078-B,Durlach,Alte Weingar­te­ner Straße 63 (Wert­stoffs­ta­tion bei Tierkör­per­be­sei­ti­gungs­an­stalt – beachten Sie die Öffnungs­zei­ten),2024-12-31,16:00,91.2,1.5,Braun
KA-0079-W,Durlach,Alte Weingar­te­ner Straße (gegenüber von Restau­rant O­ber­müh­le),2024-12-31,20:00,99.9,1.5,Weiß
KA-0080-G,Durlach,Alte Weingar­te­ner Straße (gegenüber von Restau­rant O­ber­müh­le),2024-12-31,20:00,61.7,1.5,Grün
KA-0081-B,Durlach,Alte Weingar­te­ner Straße (gegenüber von Restau­rant O­ber­müh­le),2024-12-31,20:00,92.4,1.5,Braun
KA-0082-W,Durlach,Blot­ter­stra­ße/Chri­stof­straße,2024-12-31,18:00,62.6,2.5,Weiß
KA-0083-G,Durlach,Blot­ter­stra­ße/Chri­stof­straße,2024-12-31,20:00,93.9,2.5,Grün
KA-0084-B,Durlach,Blot­ter­stra­ße/Chri­stof­straße,2024-12-31,18:00,67.8,2.5,Braun
KA-0085-W,Durlach,Blumen­tor­straße 25 (gegenüber HL-Markt),2024-12-31,16:00,81.9,2.5,Weiß
KA-0086-G,Durlach,Blumen­tor­straße 25 (gegenüber HL-Markt),2024-12-31,18:00,100.0,2.5,Grün
KA-0087-B,Durlach,Blumen­tor­straße 25 (gegenüber HL-Markt),2024-12-31,18:00,80.0,2.5,Braun
KA-0088-W,Durlach,Durlach Bahnhof (Parkplatz unter Brücke),2024-12-31,20:00,99.9,1.5,Weiß
KA-0089-G,Durlach,Durlach Bahnhof (Parkplatz unter Brücke),2024-12-31,20:00,59.3,1.5,Grün
KA-0090-B,Durlach,Durlach Bahnhof (Parkplatz unter Brücke),2024-12-31,20:00,74.6,1.5,Braun
KA-0091-W,Durlach,Dürr­bach­stra­ße/­Pos­selt­straße,2024-12-31,18:00,56.5,2.5,Weiß
KA-0092-G,Durlach,Dürr­bach­stra­ße/­Pos­selt­straße,2024-12-31,14:00,65.3,2.5,Grün
KA-0093-B,Durlach,Dürr­bach­stra­ße/­Pos­selt­straße,2024-12-31,20:00,98.0,2.5,Braun
KA-0094-W,Durlach,Friedrich-Eberle-Straße/Klein­bach­straße,2024-12-31,20:00,55.9,2.5,Weiß
KA-0095-G,Durlach,Friedrich-Eberle-Straße/Klein­bach­straße,2024-12-31,14:00,24.9,2.5,Grün
KA-0096-B,Durlach,Friedrich-Eberle-Straße/Klein­bach­straße,2024-12-31,20:00,63.9,2.5,Braun
KA-0097-W,Durlach,Gritz­ner­straße Höhe Nr. 11,2024-12-31,12:00,82.3,1.5,Weiß
KA-0098-G,Durlach,Gritz­ner­straße Höhe Nr. 11,2024-12-31,20:00,94.6,1.5,Grün
KA-0099-B,Durlach,Gritz­ner­straße Höhe Nr. 11,2024-12-31,18:00,56.0,1.5,Braun
KA-0100-W,Durlach,Hildebrandstraße/Auer Straße,2024-12-31,20:00,76.0,2.5,Weiß
KA-0101-G,Durlach,Hildebrandstraße/Auer Straße,2024-12-31,18:00,56.7,2.5,Grün
KA-0102-B,Durlach,Hildebrandstraße/Auer Straße,2024-12-31,20:00,97.9,2.5,Braun
KA-0103-W,Durlach,In der Tasch/Ritt­nert­straße,2024-12-31,16:00,94.7,2.5,Weiß
KA-0104-G,Durlach,In der Tasch/Ritt­nert­straße,2024-12-31,18:00,19.6,2.5,Grün
KA-0105-B,Durlach,In der Tasch/Ritt­nert­straße,2024-12-31,20:00,100.0,2.5,Braun
KA-0106-W,Durlach,Kanz­ler­straße (Festhalle Durlach auf dem Parkplatz),2024-12-31,18:00,61.7,2.5,Weiß
KA-0107-G,Durlach,Kanz­ler­straße (Festhalle Durlach auf dem Parkplatz),2024-12-31,18:00,79.1,2.5,Grün
KA-0108-W,Durlach,Karls­burg­stra­ße/­Karl-Weysser-Straße,2024-12-31,20:00,91.0,2.5,Weiß
KA-0109-G,Durlach,Karls­burg­stra­ße/­Karl-Weysser-Straße,2024-12-31,16:00,65.7,2.5,Grün
KA-0110-B,Durlach,Karls­burg­stra­ße/­Karl-Weysser-Straße,2024-12-31,20:00,100.0,2.5,Braun
KA-0111-W,Durlach,Lieben­stein­stra­ße/Grötzinger Straße (Parkplatz ASV S­port­platz),2024-12-31,20:00,100.0,2.5,Weiß
KA-0112-G,Durlach,Lieben­stein­stra­ße/Grötzinger Straße (Parkplatz ASV S­port­platz),2024-12-31,18:00,100.0,2.5,Grün
KA-0113-B,Durlach,Lieben­stein­stra­ße/Grötzinger Straße (Parkplatz ASV S­port­platz),2024-12-31,20:00,92.6,2.5,Braun
KA-0114-W,Durlach,Pfinz­stra­ße/P­forz­hei­mer Straße,2024-12-31,20:00,84.9,2.5,Weiß
KA-0115-G,Durlach,Pfinz­stra­ße/P­forz­hei­mer Straße,2024-12-31,18:00,100.0,2.5,Grün
KA-0116-B,Durlach,Pfinz­stra­ße/P­forz­hei­mer Straße,2024-12-31,18:00,100.0,2.5,Braun
KA-0117-W,Durlach,Pforz­hei­mer Straße/Töp­fer­weg,2024-12-31,16:00,29.2,2.5,Weiß
KA-0118-G,Durlach,Pforz­hei­mer Straße/Töp­fer­weg,2024-12-31,20:00,74.9,2.5,Grün
KA-0119-B,Durlach,Pforz­hei­mer Straße/Töp­fer­weg,2024-12-31,20:00,61.7,2.5,Braun
KA-0120-W,Durlach,Reich­ardt­straße (auf Parkplatz bei Bergbahn­sta­tion),2024-12-31,16:00,95.9,2.5,Weiß
KA-0121-G,Durlach,Reich­ardt­straße (auf Parkplatz bei Bergbahn­sta­tion),2024-12-31,20:00,55.8,2.5,Grün
KA-0122-B,Durlach,Reich­ardt­straße (auf Parkplatz bei Bergbahn­sta­tion),2024-12-31,20:00,32.1,2.5,Braun
KA-0123-W,Durlach,Rommel­straße 5 (Parkplatz Treff 3000 Marken-Discounter),2024-12-31,18:00,45.4,1.5,Weiß
KA-0124-G,Durlach,Rommel­straße 5 (Parkplatz Treff 3000 Marken-Discounter),2024-12-31,20:00,100.0,1.5,Grün
KA-0125-B,Durlach,Rommel­straße 5 (Parkplatz Treff 3000 Marken-Discounter),2024-12-31,18:00,63.9,1.5,Braun
KA-0126-W,Schinn­rain­straße (bei Asia Markt),Walds­hu­ter Straße/Hub­stra­ße,2024-12-31,20:00,63.8,2.5,Weiß
KA-0127-G,Schinn­rain­straße (bei Asia Markt),Walds­hu­ter Straße/Hub­stra­ße,2024-12-31,20:00,68.7,2.5,Grün
KA-0128-B,Schinn­rain­straße (bei Asia Markt),Walds­hu­ter Straße/Hub­stra­ße,2024-12-31,18:00,100.0,2.5,Braun
KA-0129-W,Durlach-Dornwald­sied­lung,Dorn­wald­stra­ße/Lort­zing­stra­ße,2024-12-31,20:00,100.0,2.5,Weiß
KA-0130-G,Durlach-Dornwald­sied­lung,Dorn­wald­stra­ße/Lort­zing­stra­ße,2024-12-31,20:00,26.3,2.5,Grün
KA-0131-B,Durlach-Dornwald­sied­lung,Dorn­wald­stra­ße/Lort­zing­stra­ße,2024-12-31,18:00,51.3,2.5,Braun
KA-0132-W,Durlach-Geigers­berg,Badener ­Stra­ße/­Max-Liebermann-Straße (bei Bushal­te­stel­le),2024-12-31,18:00,70.1,1.5,Weiß
KA-0133-G,Durlach-Geigers­berg,Badener ­Stra­ße/­Max-Liebermann-Straße (bei Bushal­te­stel­le),2024-12-31,18:00,75.6,1.5,Grün
KA-0134-W,Durlach-Geigers­berg,Ernst-Barlach-Straße/­Carl-Hofer-Straße,2024-12-31,16:00,100.0,1.5,Weiß
KA-0135-G,Durlach-Geigers­berg,Ernst-Barlach-Straße/­Carl-Hofer-Straße,2024-12-31,20:00,65.1,1.5,Grün
KA-0136-B,Durlach-Geigers­berg,Ernst-Barlach-Straße/­Carl-Hofer-Straße,2024-12-31,20:00,74.9,1.5,Braun
KA-0137-W,Durlach-Geigers­berg,Geigers­berg­stra­ße/­Berg­wald­straße,2024-12-31,14:00,51.6,2.5,Weiß
KA-0138-G,Durlach-Geigers­berg,Geigers­berg­stra­ße/­Berg­wald­straße,2024-12-31,18:00,91.2,2.5,Grün
KA-0139-B,Durlach-Geigers­berg,Geigers­berg­stra­ße/­Berg­wald­straße,2024-12-31,14:00,100.0,2.5,Braun
KA-0140-W,Durlach-Geigers­berg,Käthe-Kollwitz-Straße bei Nr. 27 – 33,2024-12-31,18:00,100.0,2.5,Weiß
KA-0141-G,Durlach-Geigers­berg,Käthe-Kollwitz-Straße bei Nr. 27 – 33,2024-12-31,18:00,98.0,2.5,Grün
KA-0142-W,Durlach-Killisfeld,Maybach­straße 10 b (Wert­stoffs­ta­tion – beachten Sie die Öffnungs­zei­ten),2024-12-31,18:00,90.4,1.5,Weiß
KA-0143-G,Durlach-Killisfeld,Maybach­straße 10 b (Wert­stoffs­ta­tion – beachten Sie die Öffnungs­zei­ten),2024-12-31,18:00,57.7,1.5,Grün
KA-0144-W,Durlach-Killisfeld,Wach­haus­stra­ße/­Gei­ßen­rain­weg,2024-12-31,14:00,100.0,2.5,Weiß
KA-0145-G,Durlach-Killisfeld,Wach­haus­stra­ße/­Gei­ßen­rain­weg,2024-12-31,20:00,33.7,2.5,Grün
KA-0146-B,Durlach-Killisfeld,Wach­haus­stra­ße/­Gei­ßen­rain­weg,2024-12-31,18:00,100.0,2.5,Braun
KA-0147-W,Durlach-Unter­mühl­sied­lung,Alte Karls­ru­her ­Straße (Auto­bahn­po­li­zei),2024-12-31,20:00,82.8,2.5,Weiß
KA-0148-G,Durlach-Unter­mühl­sied­lung,Alte Karls­ru­her ­Straße (Auto­bahn­po­li­zei),2024-12-31,18:00,56.2,2.5,Grün
KA-0149-B,Durlach-Unter­mühl­sied­lung,Alte Karls­ru­her ­Straße (Auto­bahn­po­li­zei),2024-12-31,18:00,100.0,2.5,Braun
KA-0150-W,Am Kirchberg,Durlacher Straße vor Nr. 52,2024-12-31,14:00,65.1,1.5,Weiß
KA-0151-G,Am Kirchberg,Durlacher Straße vor Nr. 52,2024-12-31,14:00,96.1,1.5,Grün
KA-0152-B,Am Kirchberg,Durlacher Straße vor Nr. 52,2024-12-31,20:00,58.8,1.5,Braun
KA-0153-W,Am Kirchberg,Eisen­bahn­straße (gemein­sa­mer Parkplatz zwischen EDEKA und Lidl),2024-12-31,16:00,100.0,2.5,Weiß
KA-0154-G,Am Kirchberg,Eisen­bahn­straße (gemein­sa­mer Parkplatz zwischen EDEKA und Lidl),2024-12-31,18:00,100.0,2.5,Grün
KA-0155-B,Am Kirchberg,Eisen­bahn­straße (gemein­sa­mer Parkplatz zwischen EDEKA und Lidl),2024-12-31,20:00,100.0,2.5,Braun
KA-0156-W,Grez­zo­straße,Wein­gar­te­ner Straße (bei Grünab­fall­con­tai­ner),2024-12-31,20:00,85.3,1.5,Weiß
KA-0157-G,Grez­zo­straße,Wein­gar­te­ner Straße (bei Grünab­fall­con­tai­ner),2024-12-31,20:00,100.0,1.5,Grün
KA-0158-W,Grez­zo­straße,Im Speitel vor Nr. 45,2024-12-31,20:00,36.3,1.5,Weiß
KA-0159-G,Grez­zo­straße,Im Speitel vor Nr. 45,2024-12-31,20:00,52.5,1.5,Grün
KA-0160-B,Grez­zo­straße,Im Speitel vor Nr. 45,2024-12-31,16:00,100.0,1.5,Braun
KA-0161-W,Grez­zo­straße,Im Speitel/Frosch­höhle,2024-12-31,20:00,100.0,2.5,Weiß
KA-0162-G,Grez­zo­straße,Im Speitel/Frosch­höhle,2024-12-31,16:00,58.1,2.5,Grün
KA-0163-B,Grez­zo­straße,Im Speitel/Frosch­höhle,2024-12-31,20:00,67.9,2.5,Braun
KA-0164-W,Grez­zo­straße,Krapp­müh­len­weg (bei Eisen­bahn­brücke),2024-12-31,20:00,100.0,2.5,Weiß
KA-0165-G,Grez­zo­straße,Krapp­müh­len­weg (bei Eisen­bahn­brücke),2024-12-31,18:00,67.1,2.5,Grün
KA-0166-B,Grez­zo­straße,Krapp­müh­len­weg (bei Eisen­bahn­brücke),2024-12-31,20:00,100.0,2.5,Braun
KA-0167-W,Grez­zo­straße,Tulla­weg/O­berau­straße,2024-12-31,20:00,66.3,1.5,Weiß
KA-0168-G,Grez­zo­straße,Tulla­weg/O­berau­straße,2024-12-31,18:00,100.0,1.5,Grün
KA-0169-B,Grez­zo­straße,Tulla­weg/O­berau­straße,2024-12-31,18:00,100.0,1.5,Braun
KA-0170-W,Grez­zo­straße,Ziege­lei­stra­ße/Am Knittel­berg,2024-12-31,16:00,57.8,1.5,Weiß
KA-0171-G,Grez­zo­straße,Ziege­lei­stra­ße/Am Knittel­berg,2024-12-31,20:00,100.0,1.5,Grün
KA-0172-B,Grez­zo­straße,Ziege­lei­stra­ße/Am Knittel­berg,2024-12-31,16:00,83.6,1.5,Braun
KA-0173-W,Grünwet­ters­bach,Am Wetterbach gegenüber Nr. 18,2024-12-31,16:00,82.8,2.5,Weiß
KA-0174-G,Grünwet­ters­bach,Am Wetterbach gegenüber Nr. 18,2024-12-31,20:00,65.2,2.5,Grün
KA-0175-B,Grünwet­ters­bach,Am Wetterbach gegenüber Nr. 18,2024-12-31,14:00,100.0,2.5,Braun
KA-0176-W,Heiden­hei­mer Straße,Horf­stra­ße/Wild­ba­der Straße,2024-12-31,16:00,96.1,2.5,Weiß
KA-0177-G,Heiden­hei­mer Straße,Horf­stra­ße/Wild­ba­der Straße,2024-12-31,20:00,64.6,2.5,Grün
KA-0178-W,Heiden­hei­mer Straße,Wiesen­straße 34 (Wert­stoffs­ta­tion – beachten Sie die Öffnungs­zei­ten),2024-12-31,18:00,92.0,1.5,Weiß
KA-0179-G,Heiden­hei­mer Straße,Wiesen­straße 34 (Wert­stoffs­ta­tion – beachten Sie die Öffnungs­zei­ten),2024-12-31,16:00,100.0,1.5,Grün
KA-0180-W,Grünwinkel,Akazi­en­stra­ße/A­horn­weg,2024-12-31,18:00,64.7,2.5,Weiß
KA-0181-G,Grünwinkel,Akazi­en­stra­ße/A­horn­weg,2024-12-31,18:00,74.0,2.5,Grün
KA-0182-B,Grünwinkel,Akazi­en­stra­ße/A­horn­weg,2024-12-31,16:00,100.0,2.5,Braun
KA-0183-W,Durmers­hei­mer Straße (bei Friedhof),Herrmann-Leichtlin-Straße gegenüber Nr. 24,2024-12-31,20:00,100.0,2.5,Weiß
KA-0184-G,Durmers­hei­mer Straße (bei Friedhof),Herrmann-Leichtlin-Straße gegenüber Nr. 24,2024-12-31,20:00,100.0,2.5,Grün
KA-0185-W,Durmers­hei­mer Straße (bei Friedhof),Hopfen­stra­ße/Alt­feld­straße,2024-12-31,20:00,100.0,1.5,Weiß
KA-0186-G,Durmers­hei­mer Straße (bei Friedhof),Hopfen­stra­ße/Alt­feld­straße,2024-12-31,20:00,55.5,1.5,Grün
KA-0187-W,Durmers­hei­mer Straße (bei Friedhof),List­stra­ße/­Koh­len­straße,2024-12-31,16:00,100.0,2.5,Weiß
KA-0188-G,Durmers­hei­mer Straße (bei Friedhof),List­stra­ße/­Koh­len­straße,2024-12-31,20:00,54.8,2.5,Grün
KA-0189-B,Durmers­hei­mer Straße (bei Friedhof),List­stra­ße/­Koh­len­straße,2024-12-31,20:00,54.0,2.5,Braun
KA-0190-W,Durmers­hei­mer Straße (bei Friedhof),Zeppel­in­stra­ße/­Kon­ra­din-Kreutzer-Straße,2024-12-31,20:00,100.0,2.5,Weiß
KA-0191-G,Durmers­hei­mer Straße (bei Friedhof),Zeppel­in­stra­ße/­Kon­ra­din-Kreutzer-Straße,2024-12-31,20:00,100.0,2.5,Grün
KA-0192-B,Durmers­hei­mer Straße (bei Friedhof),Zeppel­in­stra­ße/­Kon­ra­din-Kreutzer-Straße,2024-12-31,20:00,47.1,2.5,Braun
KA-0193-W,Grünwinkel-Heiden­stück­er­sied­lung,Edel­berg­stra­ße/­B­ern­stein­straße,2024-12-31,20:00,100.0,2.5,Weiß
KA-0194-G,Grünwinkel-Heiden­stück­er­sied­lung,Edel­berg­stra­ße/­B­ern­stein­straße,2024-12-31,16:00,60.1,2.5,Grün
KA-0195-B,Grünwinkel-Heiden­stück­er­sied­lung,Edel­berg­stra­ße/­B­ern­stein­straße,2024-12-31,20:00,100.0,2.5,Braun
KA-0196-W,Grünwinkel-Heiden­stück­er­sied­lung,Eichel­berg­stra­ße/­Pul­ver­haus­straße (bei Kirche),2024-12-31,18:00,100.0,2.5,Weiß
KA-0197-G,Grünwinkel-Heiden­stück­er­sied­lung,Eichel­berg­stra­ße/­Pul­ver­haus­straße (bei Kirche),2024-12-31,20:00,75.6,2.5,Grün
KA-0198-B,Grünwinkel-Heiden­stück­er­sied­lung,Eichel­berg­stra­ße/­Pul­ver­haus­straße (bei Kirche),2024-12-31,20:00,91.9,2.5,Braun
KA-0199-W,Grünwinkel-Heiden­stück­er­sied­lung,Heiden­stücker­weg/­B­ern­stein­straße,2024-12-31,18:00,100.0,1.5,Weiß
KA-0200-G,Grünwinkel-Heiden­stück­er­sied­lung,Heiden­stücker­weg/­B­ern­stein­straße,2024-12-31,20:00,61.5,1.5,Grün
KA-0201-W,Grünwinkel-Heiden­stück­er­sied­lung,Hohloh­stra­ße/­Bran­den­kopf­straße,2024-12-31,14:00,100.0,2.5,Weiß
KA-0202-G,Grünwinkel-Heiden­stück­er­sied­lung,Hohloh­stra­ße/­Bran­den­kopf­straße,2024-12-31,16:00,100.0,2.5,Grün
KA-0203-W,Grünwinkel-Heiden­stück­er­sied­lung,Hornis­grin­de­stra­ße/E­del­berg­stra­ße,2024-12-31,20:00,43.5,1.5,Weiß
KA-0204-G,Grünwinkel-Heiden­stück­er­sied­lung,Hornis­grin­de­stra­ße/E­del­berg­stra­ße,2024-12-31,16:00,100.0,1.5,Grün
KA-0205-W,Hagsfeld,An der Tagweide zwischen Nr. 14 und 18,2024-12-31,18:00,17.3,2.5,Weiß
KA-0206-G,Hagsfeld,An der Tagweide zwischen Nr. 14 und 18,2024-12-31,20:00,82.0,2.5,Grün
KA-0207-B,Hagsfeld,An der Tagweide zwischen Nr. 14 und 18,2024-12-31,20:00,100.0,2.5,Braun
KA-0208-W,Bruch­sa­ler Straße (unter Brücke),Karls­ru­her Straße/­Gon­dels­hei­mer Straße,2024-12-31,20:00,100.0,2.5,Weiß
KA-0209-G,Bruch­sa­ler Straße (unter Brücke),Karls­ru­her Straße/­Gon­dels­hei­mer Straße,2024-12-31,20:00,93.7,2.5,Grün
KA-0210-B,Bruch­sa­ler Straße (unter Brücke),Karls­ru­her Straße/­Gon­dels­hei­mer Straße,2024-12-31,18:00,85.5,2.5,Braun
KA-0211-W,Bruch­sa­ler Straße (unter Brücke),Leipziger Allee/­Mei­ße­ner Straße,2024-12-31,20:00,100.0,1.5,Weiß
KA-0212-G,Bruch­sa­ler Straße (unter Brücke),Leipziger Allee/­Mei­ße­ner Straße,2024-12-31,16:00,86.3,1.5,Grün
KA-0213-B,Bruch­sa­ler Straße (unter Brücke),Leipziger Allee/­Mei­ße­ner Straße,2024-12-31,20:00,100.0,1.5,Braun
KA-0214-W,Bruch­sa­ler Straße (unter Brücke),Schä­fer­straße (Wert­stoffs­ta­tion – beachten Sie die Öffnungs­zei­ten),2024-12-31,16:00,100.0,2.5,Weiß
KA-0215-G,Bruch­sa­ler Straße (unter Brücke),Schä­fer­straße (Wert­stoffs­ta­tion – beachten Sie die Öffnungs­zei­ten),2024-12-31,20:00,96.0,2.5,Grün
KA-0216-B,Bruch­sa­ler Straße (unter Brücke),Schä­fer­straße (Wert­stoffs­ta­tion – beachten Sie die Öffnungs­zei­ten),2024-12-31,20:00,100.0,2.5,Braun
KA-0217-W,Spitalhof (bei Sport­platz),Tiefen­tal­stra­ße/Ortsein­gang linke Seite von Durlach kommend,2024-12-31,16:00,71.9,2.5,Weiß
KA-0218-G,Spitalhof (bei Sport­platz),Tiefen­tal­stra­ße/Ortsein­gang linke Seite von Durlach kommend,2024-12-31,20:00,82.4,2.5,Grün
KA-0219-B,Spitalhof (bei Sport­platz),Tiefen­tal­stra­ße/Ortsein­gang linke Seite von Durlach kommend,2024-12-31,16:00,100.0,2.5,Braun
KA-0220-W,Innenstadt-Ost,Am Künst­ler­haus/­Zäh­rin­ger­straße,2024-12-31,20:00,58.8,2.5,Weiß
KA-0221-G,Innenstadt-Ost,Am Künst­ler­haus/­Zäh­rin­ger­straße,2024-12-31,16:00,63.4,2.5,Grün
KA-0222-B,Innenstadt-Ost,Am Künst­ler­haus/­Zäh­rin­ger­straße,2024-12-31,20:00,67.2,2.5,Braun
KA-0223-W,Innenstadt-Ost,Fritz-Erler-Straße/West­seite vor Nr. 14,2024-12-31,18:00,73.6,2.5,Weiß
KA-0224-G,Innenstadt-Ost,Fritz-Erler-Straße/West­seite vor Nr. 14,2024-12-31,18:00,52.6,2.5,Grün
KA-0225-B,Innenstadt-Ost,Fritz-Erler-Straße/West­seite vor Nr. 14,2024-12-31,20:00,98.3,2.5,Braun
KA-0226-W,Innenstadt-Ost,Fritz-Erler-Straße/Ost­seite vor Nr. 17,2024-12-31,20:00,100.0,2.5,Weiß
KA-0227-G,Innenstadt-Ost,Fritz-Erler-Straße/Ost­seite vor Nr. 17,2024-12-31,14:00,78.0,2.5,Grün
KA-0228-B,Innenstadt-Ost,Fritz-Erler-Straße/Ost­seite vor Nr. 17,2024-12-31,14:00,78.3,2.5,Braun
KA-0229-W,Innenstadt-West,Amali­en­stra­ße/­Ste­phan­platz (bei Karl-Apotheke),2024-12-31,14:00,84.2,2.5,Weiß
KA-0230-G,Innenstadt-West,Amali­en­stra­ße/­Ste­phan­platz (bei Karl-Apotheke),2024-12-31,16:00,72.9,2.5,Grün
KA-0231-B,Innenstadt-West,Amali­en­stra­ße/­Ste­phan­platz (bei Karl-Apotheke),2024-12-31,14:00,64.6,2.5,Braun
KA-0232-W,Innenstadt-West,Amali­en­stra­ße/Leo­pold­straße,2024-12-31,20:00,88.3,2.5,Weiß
KA-0233-G,Innenstadt-West,Amali­en­stra­ße/Leo­pold­straße,2024-12-31,18:00,100.0,2.5,Grün
KA-0234-W,Innenstadt-West,Bismarck­stra­ße/Wörth­straße,2024-12-31,20:00,100.0,2.5,Weiß
KA-0235-G,Innenstadt-West,Bismarck­stra­ße/Wörth­straße,2024-12-31,20:00,100.0,2.5,Grün
KA-0236-B,Innenstadt-West,Bismarck­stra­ße/Wörth­straße,2024-12-31,16:00,61.7,2.5,Braun
KA-0237-W,Hebel­straße (bei Rathaus),Leopold­stra­ße/­So­phien­straße,2024-12-31,20:00,65.3,2.5,Weiß
KA-0238-G,Hebel­straße (bei Rathaus),Leopold­stra­ße/­So­phien­straße,2024-12-31,16:00,60.6,2.5,Grün
KA-0239-B,Hebel­straße (bei Rathaus),Leopold­stra­ße/­So­phien­straße,2024-12-31,16:00,70.8,2.5,Braun
KA-0240-W,Passa­ge­hof (bei Polizei­re­vier),Stepha­ni­en­stra­ße/­bei Zollamt,2024-12-31,20:00,73.8,1.5,Weiß
KA-0241-G,Passa­ge­hof (bei Polizei­re­vier),Stepha­ni­en­stra­ße/­bei Zollamt,2024-12-31,18:00,56.3,1.5,Grün
KA-0242-B,Passa­ge­hof (bei Polizei­re­vier),Stepha­ni­en­stra­ße/­bei Zollamt,2024-12-31,18:00,51.1,1.5,Braun
KA-0243-W,Willy-Andreas-Allee (bei Univer­si­tät),Willy-Andreas-Allee (bei Verkehrs­übungs­platz),2024-12-31,20:00,100.0,2.5,Weiß
KA-0244-G,Willy-Andreas-Allee (bei Univer­si­tät),Willy-Andreas-Allee (bei Verkehrs­übungs­platz),2024-12-31,16:00,54.7,2.5,Grün
KA-0245-W,Knielingen,Egon-Eiermann-Allee gegen­über­ Nr. 19,2024-12-31,14:00,100.0,1.5,Weiß
KA-0246-G,Knielingen,Egon-Eiermann-Allee gegen­über­ Nr. 19,2024-12-31,14:00,87.5,1.5,Grün
KA-0247-W,Knielingen,Elsässer Platz/­Saar­land­straße,2024-12-31,16:00,69.3,1.5,Weiß
KA-0248-G,Knielingen,Elsässer Platz/­Saar­land­straße,2024-12-31,18:00,81.9,1.5,Grün
KA-0249-W,Knielingen,Ferdinand-Keller-Straße/Ju­lius-Bergmann-Straße,2024-12-31,14:00,83.8,2.5,Weiß
KA-0250-G,Knielingen,Ferdinand-Keller-Straße/Ju­lius-Bergmann-Straße,2024-12-31,20:00,92.6,2.5,Grün
KA-0251-W,Knielingen,Grün­hut­straße bei Nr. 1,2024-12-31,18:00,86.3,2.5,Weiß
KA-0252-G,Knielingen,Grün­hut­straße bei Nr. 1,2024-12-31,18:00,96.6,2.5,Grün
KA-0253-B,Knielingen,Grün­hut­straße bei Nr. 1,2024-12-31,20:00,58.7,2.5,Braun
KA-0254-W,Knielingen,Östliche Rhein­brücken­stra­ße/Eg­gen­stei­ner Straße,2024-12-31,20:00,68.0,2.5,Weiß
KA-0255-G,Knielingen,Östliche Rhein­brücken­stra­ße/Eg­gen­stei­ner Straße,2024-12-31,20:00,100.0,2.5,Grün
KA-0256-B,Knielingen,Östliche Rhein­brücken­stra­ße/Eg­gen­stei­ner Straße,2024-12-31,16:00,100.0,2.5,Braun
KA-0257-W,Knielingen,Rhein­berg­stra­ße/Ja­kob-Dörr-Straße,2024-12-31,20:00,57.8,2.5,Weiß
KA-0258-G,Knielingen,Rhein­berg­stra­ße/Ja­kob-Dörr-Straße,2024-12-31,20:00,63.8,2.5,Grün
KA-0259-B,Knielingen,Rhein­berg­stra­ße/Ja­kob-Dörr-Straße,2024-12-31,14:00,36.7,2.5,Braun
KA-0260-W,Knielingen,Saar­land­stra­ße/­Ma­xauer Straße,2024-12-31,20:00,100.0,1.5,Weiß
KA-0261-G,Knielingen,Saar­land­stra­ße/­Ma­xauer Straße,2024-12-31,20:00,100.0,1.5,Grün
KA-0262-B,Knielingen,Saar­land­stra­ße/­Ma­xauer Straße,2024-12-31,20:00,100.0,1.5,Braun
KA-0263-W,Knielingen,Sude­ten­stra­ße/Pio­nier­straße,2024-12-31,14:00,100.0,1.5,Weiß
KA-0264-G,Knielingen,Sude­ten­stra­ße/Pio­nier­straße,2024-12-31,16:00,100.0,1.5,Grün
KA-0265-B,Knielingen,Sude­ten­stra­ße/Pio­nier­straße,2024-12-31,20:00,72.5,1.5,Braun
KA-0266-W,Knielingen,Sude­ten­stra­ße/Öst­li­che Rhein­brücken­straße,2024-12-31,14:00,71.0,1.5,Weiß
KA-0267-G,Knielingen,Sude­ten­stra­ße/Öst­li­che Rhein­brücken­straße,2024-12-31,20:00,100.0,1.5,Grün
KA-0268-B,Knielingen,Sude­ten­stra­ße/Öst­li­che Rhein­brücken­straße,2024-12-31,14:00,78.0,1.5,Braun
KA-0269-W,Knielingen,Untere Straße/Eg­gen­stei­ner Straße,2024-12-31,18:00,100.0,1.5,Weiß
KA-0270-G,Knielingen,Untere Straße/Eg­gen­stei­ner Straße,2024-12-31,20:00,100.0,1.5,Grün
KA-0271-B,Knielingen,Untere Straße/Eg­gen­stei­ner Straße,2024-12-31,20:00,100.0,1.5,Braun
KA-0272-W,Mühlburg,Bodel­schwing­h­stra­ße/­Sie­men­sal­lee,2024-12-31,18:00,100.0,2.5,Weiß
KA-0273-G,Mühlburg,Bodel­schwing­h­stra­ße/­Sie­men­sal­lee,2024-12-31,20:00,100.0,2.5,Grün
KA-0274-B,Mühlburg,Bodel­schwing­h­stra­ße/­Sie­men­sal­lee,2024-12-31,16:00,73.1,2.5,Braun
KA-0275-W,Mühlburg,Borsig­straße 9 (bei ALDI),2024-12-31,20:00,100.0,2.5,Weiß
KA-0276-G,Mühlburg,Borsig­straße 9 (bei ALDI),2024-12-31,16:00,71.0,2.5,Grün
KA-0277-W,Hertz­straße (bei Kondima),Kepler­stra­ße/­Bo­del­schwing­h­straße,2024-12-31,18:00,100.0,2.5,Weiß
KA-0278-G,Hertz­straße (bei Kondima),Kepler­stra­ße/­Bo­del­schwing­h­straße,2024-12-31,18:00,70.1,2.5,Grün
KA-0279-B,Hertz­straße (bei Kondima),Kepler­stra­ße/­Bo­del­schwing­h­straße,2024-12-31,20:00,50.2,2.5,Braun
KA-0280-W,Hertz­straße (bei Kondima),Lamey­stra­ße/auf dem Parkplatz,2024-12-31,18:00,100.0,2.5,Weiß
KA-0281-G,Hertz­straße (bei Kondima),Lamey­stra­ße/auf dem Parkplatz,2024-12-31,20:00,48.8,2.5,Grün
KA-0282-W,Hertz­straße (bei Kondima),Lamey­stra­ße/Rhein­straße,2024-12-31,20:00,65.3,1.5,Weiß
KA-0283-G,Hertz­straße (bei Kondima),Lamey­stra­ße/Rhein­straße,2024-12-31,20:00,55.4,1.5,Grün
KA-0284-B,Hertz­straße (bei Kondima),Lamey­stra­ße/Rhein­straße,2024-12-31,16:00,100.0,1.5,Braun
KA-0285-W,Hertz­straße (bei Kondima),Molt­ke­straße (bei Erich-Kästner-Schule),2024-12-31,20:00,100.0,2.5,Weiß
KA-0286-G,Hertz­straße (bei Kondima),Molt­ke­straße (bei Erich-Kästner-Schule),2024-12-31,20:00,100.0,2.5,Grün
KA-0287-W,Hertz­straße (bei Kondima),Nibe­lun­gen­stra­ße/I­sol­de­straße,2024-12-31,20:00,100.0,1.5,Weiß
KA-0288-G,Hertz­straße (bei Kondima),Nibe­lun­gen­stra­ße/I­sol­de­straße,2024-12-31,18:00,69.8,1.5,Grün
KA-0289-W,Hertz­straße (bei Kondima),Nord­be­cken­straße 1 (Wert­stoffs­ta­tion- beachten Sie die Öff­nungs­zei­ten),2024-12-31,18:00,100.0,2.5,Weiß
KA-0290-G,Hertz­straße (bei Kondima),Nord­be­cken­straße 1 (Wert­stoffs­ta­tion- beachten Sie die Öff­nungs­zei­ten),2024-12-31,16:00,60.1,2.5,Grün
KA-0291-W,Rhein­straße (An der Rainmühle),Selden­eck­stra­ße/Hardt­straße (Flie­der­platz),2024-12-31,16:00,100.0,2.5,Weiß
KA-0292-G,Rhein­straße (An der Rainmühle),Selden­eck­stra­ße/Hardt­straße (Flie­der­platz),2024-12-31,16:00,58.3,2.5,Grün
KA-0293-B,Rhein­straße (An der Rainmühle),Selden­eck­stra­ße/Hardt­straße (Flie­der­platz),2024-12-31,20:00,60.9,2.5,Braun
KA-0294-W,Rhein­straße (An der Rainmühle),Selden­eck­stra­ße/Tann­häu­ser­straße,2024-12-31,18:00,75.7,1.5,Weiß
KA-0295-G,Rhein­straße (An der Rainmühle),Selden­eck­stra­ße/Tann­häu­ser­straße,2024-12-31,20:00,100.0,1.5,Grün
KA-0296-B,Rhein­straße (An der Rainmühle),Selden­eck­stra­ße/Tann­häu­ser­straße,2024-12-31,20:00,46.2,1.5,Braun
KA-0297-W,Rhein­straße (An der Rainmühle),Selden­eck­stra­ße/Trist­an­straße,2024-12-31,16:00,83.1,1.5,Weiß
KA-0298-G,Rhein­straße (An der Rainmühle),Selden­eck­stra­ße/Trist­an­straße,2024-12-31,18:00,100.0,1.5,Grün
KA-0299-W,Rhein­straße (An der Rainmühle),Sophien­straße vor Nr. 193 (Al­ten­heim),2024-12-31,20:00,100.0,2.5,Weiß
KA-0300-G,Rhein­straße (An der Rainmühle),Sophien­straße vor Nr. 193 (Al­ten­heim),2024-12-31,18:00,52.8,2.5,Grün
KA-0301-W,Rhein­straße (An der Rainmühle),Sophien­stra­ße/­Pe­ter-und-Paul-Platz,2024-12-31,20:00,100.0,2.5,Weiß
KA-0302-G,Rhein­straße (An der Rainmühle),Sophien­stra­ße/­Pe­ter-und-Paul-Platz,2024-12-31,18:00,59.8,2.5,Grün
KA-0303-W,Rhein­straße (An der Rainmühle),Stern­stra­ße gegenüber Nr. 8 (Parkplatz),2024-12-31,20:00,65.6,2.5,Weiß
KA-0304-G,Rhein­straße (An der Rainmühle),Stern­stra­ße gegenüber Nr. 8 (Parkplatz),2024-12-31,20:00,91.7,2.5,Grün
KA-0305-W,Rhein­straße (An der Rainmühle),Steu­ben­stra­ße/­Son­nen­straße,2024-12-31,18:00,60.7,1.5,Weiß
KA-0306-G,Rhein­straße (An der Rainmühle),Steu­ben­stra­ße/­Son­nen­straße,2024-12-31,16:00,100.0,1.5,Grün
KA-0307-B,Rhein­straße (An der Rainmühle),Steu­ben­stra­ße/­Son­nen­straße,2024-12-31,18:00,100.0,1.5,Braun
KA-0308-W,Rhein­straße (An der Rainmühle),Wein­bren­ner­straße 108/Am Entenfang,2024-12-31,14:00,100.0,2.5,Weiß
KA-0309-G,Rhein­straße (An der Rainmühle),Wein­bren­ner­straße 108/Am Entenfang,2024-12-31,18:00,100.0,2.5,Grün
KA-0310-W,Neureut,Abraham-Lincoln-Allee (gegen­über­ ­For­tuna Kirchfeld),2024-12-31,20:00,100.0,2.5,Weiß
KA-0311-G,Neureut,Abraham-Lincoln-Allee (gegen­über­ ­For­tuna Kirchfeld),2024-12-31,20:00,49.5,2.5,Grün
KA-0312-B,Neureut,Abraham-Lincoln-Allee (gegen­über­ ­For­tuna Kirchfeld),2024-12-31,18:00,100.0,2.5,Braun
KA-0313-W,Neureut,Alter ­Post­weg/Flug­ha­fen­straße,2024-12-31,20:00,86.8,1.5,Weiß
KA-0314-G,Neureut,Alter ­Post­weg/Flug­ha­fen­straße,2024-12-31,16:00,100.0,1.5,Grün
KA-0315-B,Neureut,Alter ­Post­weg/Flug­ha­fen­straße,2024-12-31,20:00,100.0,1.5,Braun
KA-0316-W,Neureut,Am Junkert­schrit­t/­Ba­chen­weg (Wert­stoffs­ta­tion - beachten Sie die Öff­nungs­zei­ten),2024-12-31,20:00,86.0,2.5,Weiß
KA-0317-G,Neureut,Am Junkert­schrit­t/­Ba­chen­weg (Wert­stoffs­ta­tion - beachten Sie die Öff­nungs­zei­ten),2024-12-31,20:00,49.8,2.5,Grün
KA-0318-B,Neureut,Am Junkert­schrit­t/­Ba­chen­weg (Wert­stoffs­ta­tion - beachten Sie die Öff­nungs­zei­ten),2024-12-31,20:00,73.5,2.5,Braun
KA-0319-W,Neureut,Am Sandfeld vor Nr. 1 (Parkplatz  Geträn­ke­markt),2024-12-31,16:00,100.0,2.5,Weiß
KA-0320-G,Neureut,Am Sandfeld vor Nr. 1 (Parkplatz  Geträn­ke­markt),2024-12-31,18:00,60.3,2.5,Grün
KA-0321-B,Neureut,Am Sandfeld vor Nr. 1 (Parkplatz  Geträn­ke­markt),2024-12-31,16:00,55.1,2.5,Braun
KA-0322-W,Neureut,An der Trift/­Grü­ner Weg,2024-12-31,20:00,77.0,2.5,Weiß
KA-0323-G,Neureut,An der Trift/­Grü­ner Weg,2024-12-31,20:00,24.7,2.5,Grün
KA-0324-B,Neureut,An der Trift/­Grü­ner Weg,2024-12-31,20:00,39.3,2.5,Braun
KA-0325-W,Neureut,Bachen­weg/­Neu­reu­ter Haupt­straße,2024-12-31,20:00,49.7,2.5,Weiß
KA-0326-G,Neureut,Bachen­weg/­Neu­reu­ter Haupt­straße,2024-12-31,20:00,61.8,2.5,Grün
KA-0327-B,Neureut,Bachen­weg/­Neu­reu­ter Haupt­straße,2024-12-31,18:00,48.2,2.5,Braun
KA-0328-W,Neureut,Dürer­stra­ße/Hol­bein­straße,2024-12-31,16:00,57.8,2.5,Weiß
KA-0329-G,Neureut,Dürer­stra­ße/Hol­bein­straße,2024-12-31,20:00,100.0,2.5,Grün
KA-0330-B,Neureut,Dürer­stra­ße/Hol­bein­straße,2024-12-31,20:00,100.0,2.5,Braun
KA-0331-W,Neureut,Flug­ha­fen­stra­ße/Erz­ber­ger­straße,2024-12-31,18:00,71.9,2.5,Weiß
KA-0332-G,Neureut,Flug­ha­fen­stra­ße/Erz­ber­ger­straße,2024-12-31,20:00,67.7,2.5,Grün
KA-0333-B,Neureut,Flug­ha­fen­stra­ße/Erz­ber­ger­straße,2024-12-31,16:00,60.4,2.5,Braun
KA-0334-W,Neureut,Forlenweg 42,2024-12-31,14:00,98.3,1.5,Weiß
KA-0335-G,Neureut,Forlenweg 42,2024-12-31,20:00,100.0,1.5,Grün
KA-0336-B,Neureut,Forlenweg 42,2024-12-31,20:00,100.0,1.5,Braun
KA-0337-W,Neureut,Hermann-Höpker-Aschoff-Straße (bei REWE),2024-12-31,18:00,100.0,2.5,Weiß
KA-0338-G,Neureut,Hermann-Höpker-Aschoff-Straße (bei REWE),2024-12-31,20:00,100.0,2.5,Grün
KA-0339-W,Neureut,Hoch­s­tet­te­ner Ring/Leo­polds­ha­fe­ner Straße,2024-12-31,20:00,82.2,2.5,Weiß
KA-0340-G,Neureut,Hoch­s­tet­te­ner Ring/Leo­polds­ha­fe­ner Straße,2024-12-31,18:00,52.4,2.5,Grün
KA-0341-B,Neureut,Hoch­s­tet­te­ner Ring/Leo­polds­ha­fe­ner Straße,2024-12-31,20:00,100.0,2.5,Braun
KA-0342-W,Neureut,Laven­del­weg/Ar­ni­ka­weg,2024-12-31,20:00,97.6,1.5,Weiß
KA-0343-G,Neureut,Laven­del­weg/Ar­ni­ka­weg,2024-12-31,18:00,90.3,1.5,Grün
KA-0344-B,Neureut,Laven­del­weg/Ar­ni­ka­weg,2024-12-31,20:00,100.0,1.5,Braun
KA-0345-W,Neureut,Liedols­hei­mer Ring/Leo­polds­ha­fe­ner Straße,2024-12-31,18:00,76.6,1.5,Weiß
KA-0346-G,Neureut,Liedols­hei­mer Ring/Leo­polds­ha­fe­ner Straße,2024-12-31,18:00,71.7,1.5,Grün
KA-0347-B,Neureut,Liedols­hei­mer Ring/Leo­polds­ha­fe­ner Straße,2024-12-31,20:00,74.4,1.5,Braun
KA-0348-W,Neureut,Neureuter Platz (Parkplatz bei Badner­land­hal­le),2024-12-31,20:00,70.1,2.5,Weiß
KA-0349-G,Neureut,Neureuter Platz (Parkplatz bei Badner­land­hal­le),2024-12-31,20:00,35.7,2.5,Grün
KA-0350-B,Neureut,Neureuter Platz (Parkplatz bei Badner­land­hal­le),2024-12-31,18:00,79.1,2.5,Braun
KA-0351-W,Ober­feld­straße (gegenüber Hotel),Sand­dorn­weg/Jas­min­weg,2024-12-31,20:00,76.0,1.5,Weiß
KA-0352-G,Ober­feld­straße (gegenüber Hotel),Sand­dorn­weg/Jas­min­weg,2024-12-31,14:00,100.0,1.5,Grün
KA-0353-W,Ober­feld­straße (gegenüber Hotel),Unter­feld­straße (bei Halte­stelle Hallenbad),2024-12-31,20:00,51.8,1.5,Weiß
KA-0354-G,Ober­feld­straße (gegenüber Hotel),Unter­feld­straße (bei Halte­stelle Hallenbad),2024-12-31,18:00,100.0,1.5,Grün
KA-0355-B,Ober­feld­straße (gegenüber Hotel),Unter­feld­straße (bei Halte­stelle Hallenbad),2024-12-31,20:00,78.4,1.5,Braun
KA-0356-W,Unter­feld­straße (gegenüber Gymnasium),Wert­stoffs­ta­tion Kirch­feld­sied­lung (Wald­sport­platz – beachten Sie die Öffnungs­zei­ten),2024-12-31,18:00,43.8,2.5,Weiß
KA-0357-G,Unter­feld­straße (gegenüber Gymnasium),Wert­stoffs­ta­tion Kirch­feld­sied­lung (Wald­sport­platz – beachten Sie die Öffnungs­zei­ten),2024-12-31,14:00,50.9,2.5,Grün
KA-0358-W,Nordstadt,Erzber­ger­stra­ße vor Nr. 113,2024-12-31,20:00,100.0,2.5,Weiß
KA-0359-G,Nordstadt,Erzber­ger­stra­ße vor Nr. 113,2024-12-31,20:00,100.0,2.5,Grün
KA-0360-B,Nordstadt,Erzber­ger­stra­ße vor Nr. 113,2024-12-31,20:00,100.0,2.5,Braun
KA-0361-W,Nordstadt,Erzber­ger­stra­ße/­Mi­chi­gan­straße,2024-12-31,20:00,100.0,2.5,Weiß
KA-0362-G,Nordstadt,Erzber­ger­stra­ße/­Mi­chi­gan­straße,2024-12-31,20:00,63.0,2.5,Grün
KA-0363-B,Nordstadt,Erzber­ger­stra­ße/­Mi­chi­gan­straße,2024-12-31,20:00,62.0,2.5,Braun
KA-0364-W,Nordstadt,Frey­dorf­stra­ße/­Molt­ke­straße,2024-12-31,16:00,100.0,2.5,Weiß
KA-0365-G,Nordstadt,Frey­dorf­stra­ße/­Molt­ke­straße,2024-12-31,20:00,58.1,2.5,Grün
KA-0366-B,Nordstadt,Frey­dorf­stra­ße/­Molt­ke­straße,2024-12-31,20:00,100.0,2.5,Braun
KA-0367-W,Nordstadt,Kanalweg vor Nr. 111,2024-12-31,20:00,69.1,2.5,Weiß
KA-0368-G,Nordstadt,Kanalweg vor Nr. 111,2024-12-31,18:00,100.0,2.5,Grün
KA-0369-B,Nordstadt,Kanalweg vor Nr. 111,2024-12-31,20:00,95.8,2.5,Braun
KA-0370-W,Nordstadt,Kentuckyal­lee vor Nr. 62,2024-12-31,20:00,48.0,2.5,Weiß
KA-0371-G,Nordstadt,Kentuckyal­lee vor Nr. 62,2024-12-31,20:00,38.8,2.5,Grün
KA-0372-B,Nordstadt,Kentuckyal­lee vor Nr. 62,2024-12-31,16:00,100.0,2.5,Braun
KA-0373-W,Nordstadt,Knie­lin­ger Allee/Erz­ber­ger­straße (gegenüber Penny-Markt),2024-12-31,20:00,98.3,2.5,Weiß
KA-0374-G,Nordstadt,Knie­lin­ger Allee/Erz­ber­ger­straße (gegenüber Penny-Markt),2024-12-31,18:00,21.9,2.5,Grün
KA-0375-B,Nordstadt,Knie­lin­ger Allee/Erz­ber­ger­straße (gegenüber Penny-Markt),2024-12-31,20:00,58.4,2.5,Braun
KA-0376-W,Nordstadt,Rhode-Island-Allee bei Nr. 8,2024-12-31,20:00,93.0,2.5,Weiß
KA-0377-G,Nordstadt,Rhode-Island-Allee bei Nr. 8,2024-12-31,20:00,76.5,2.5,Grün
KA-0378-W,Nordstadt,Tennes­see­al­lee vor Nr. 92,2024-12-31,20:00,78.2,2.5,Weiß
KA-0379-G,Nordstadt,Tennes­see­al­lee vor Nr. 92,2024-12-31,20:00,100.0,2.5,Grün
KA-0380-B,Nordstadt,Tennes­see­al­lee vor Nr. 92,2024-12-31,18:00,100.0,2.5,Braun
KA-0381-W,Nordstadt,Tennes­see­al­lee vor Nr. 101,2024-12-31,20:00,84.6,2.5,Weiß
KA-0382-G,Nordstadt,Tennes­see­al­lee vor Nr. 101,2024-12-31,20:00,100.0,2.5,Grün
KA-0383-B,Nordstadt,Tennes­see­al­lee vor Nr. 101,2024-12-31,20:00,100.0,2.5,Braun
KA-0384-W,Nordstadt,Tennes­see­al­lee vor Nr. 153,2024-12-31,18:00,61.0,2.5,Weiß
KA-0385-G,Nordstadt,Tennes­see­al­lee vor Nr. 153,2024-12-31,20:00,26.1,2.5,Grün
KA-0386-B,Nordstadt,Tennes­see­al­lee vor Nr. 153,2024-12-31,18:00,67.9,2.5,Braun
KA-0387-W,Nordwest­stadt,Berliner Straße/­Karls­ru­her ­Weg,2024-12-31,20:00,100.0,2.5,Weiß
KA-0388-G,Nordwest­stadt,Berliner Straße/­Karls­ru­her ­Weg,2024-12-31,20:00,65.6,2.5,Grün
KA-0389-B,Nordwest­stadt,Berliner Straße/­Karls­ru­her ­Weg,2024-12-31,20:00,100.0,2.5,Braun
KA-0390-W,Nordwest­stadt,Binger Straße/Dur­la­cher Weg,2024-12-31,18:00,100.0,2.5,Weiß
KA-0391-G,Nordwest­stadt,Binger Straße/Dur­la­cher Weg,2024-12-31,18:00,75.9,2.5,Grün
KA-0392-B,Nordwest­stadt,Binger Straße/Dur­la­cher Weg,2024-12-31,20:00,48.7,2.5,Braun
KA-0393-W,Nordwest­stadt,Daim­ler­straße vor Nr. 19,2024-12-31,18:00,80.9,2.5,Weiß
KA-0394-G,Nordwest­stadt,Daim­ler­straße vor Nr. 19,2024-12-31,20:00,40.9,2.5,Grün
KA-0395-B,Nordwest­stadt,Daim­ler­straße vor Nr. 19,2024-12-31,18:00,100.0,2.5,Braun
KA-0396-W,Nordwest­stadt,Durlacher Weg/Ber­li­ner Straße,2024-12-31,20:00,100.0,2.5,Weiß
KA-0397-G,Nordwest­stadt,Durlacher Weg/Ber­li­ner Straße,2024-12-31,18:00,53.0,2.5,Grün
KA-0398-B,Nordwest­stadt,Durlacher Weg/Ber­li­ner Straße,2024-12-31,18:00,54.7,2.5,Braun
KA-0399-W,Nordwest­stadt,Germers­hei­mer Straße/Hertz­straße,2024-12-31,18:00,100.0,2.5,Weiß
KA-0400-G,Nordwest­stadt,Germers­hei­mer Straße/Hertz­straße,2024-12-31,18:00,58.1,2.5,Grün
KA-0401-W,Heinrich-Köhler-Platz,Hertz­stra­ße/­Fran­kentha­ler Straße,2024-12-31,18:00,88.3,1.5,Weiß
KA-0402-G,Heinrich-Köhler-Platz,Hertz­stra­ße/­Fran­kentha­ler Straße,2024-12-31,16:00,76.2,1.5,Grün
KA-0403-B,Heinrich-Köhler-Platz,Hertz­stra­ße/­Fran­kentha­ler Straße,2024-12-31,20:00,81.6,1.5,Braun
KA-0404-W,Heinrich-Köhler-Platz,Hertz­stra­ße/Schwei­ge­ner Straße,2024-12-31,18:00,100.0,1.5,Weiß
KA-0405-G,Heinrich-Köhler-Platz,Hertz­stra­ße/Schwei­ge­ner Straße,2024-12-31,18:00,100.0,1.5,Grün
KA-0406-W,Josef-Schofer-Straße (beim Penny-Markt),Kaisers­lau­ter­ner Straße/Trie­rer Straße,2024-12-31,18:00,100.0,1.5,Weiß
KA-0407-G,Josef-Schofer-Straße (beim Penny-Markt),Kaisers­lau­ter­ner Straße/Trie­rer Straße,2024-12-31,14:00,100.0,1.5,Grün
KA-0408-B,Josef-Schofer-Straße (beim Penny-Markt),Kaisers­lau­ter­ner Straße/Trie­rer Straße,2024-12-31,18:00,76.7,1.5,Braun
KA-0409-W,Josef-Schofer-Straße (beim Penny-Markt),Karls­ru­her Weg/Binger Straße,2024-12-31,18:00,78.3,2.5,Weiß
KA-0410-G,Josef-Schofer-Straße (beim Penny-Markt),Karls­ru­her Weg/Binger Straße,2024-12-31,18:00,100.0,2.5,Grün
KA-0411-B,Josef-Schofer-Straße (beim Penny-Markt),Karls­ru­her Weg/Binger Straße,2024-12-31,18:00,81.1,2.5,Braun
KA-0412-W,Josef-Schofer-Straße (beim Penny-Markt),Kessel­berg­weg/St.-Barbara-Weg,2024-12-31,18:00,72.9,1.5,Weiß
KA-0413-G,Josef-Schofer-Straße (beim Penny-Markt),Kessel­berg­weg/St.-Barbara-Weg,2024-12-31,20:00,100.0,1.5,Grün
KA-0414-W,Josef-Schofer-Straße (beim Penny-Markt),Landauer Straße/­Ber­li­ner Straße,2024-12-31,18:00,66.5,1.5,Weiß
KA-0415-G,Josef-Schofer-Straße (beim Penny-Markt),Landauer Straße/­Ber­li­ner Straße,2024-12-31,18:00,64.2,1.5,Grün
KA-0416-B,Josef-Schofer-Straße (beim Penny-Markt),Landauer Straße/­Ber­li­ner Straße,2024-12-31,18:00,45.7,1.5,Braun
KA-0417-W,Josef-Schofer-Straße (beim Penny-Markt),Maden­burg­weg/Hertz­straße,2024-12-31,20:00,67.5,1.5,Weiß
KA-0418-G,Josef-Schofer-Straße (beim Penny-Markt),Maden­burg­weg/Hertz­straße,2024-12-31,20:00,78.4,1.5,Grün
KA-0419-B,Josef-Schofer-Straße (beim Penny-Markt),Maden­burg­weg/Hertz­straße,2024-12-31,20:00,100.0,1.5,Braun
KA-0420-W,Josef-Schofer-Straße (beim Penny-Markt),Stre­se­mann­stra­ße/Wil­helm-Hausen­stein-Allee,2024-12-31,18:00,100.0,2.5,Weiß
KA-0421-G,Josef-Schofer-Straße (beim Penny-Markt),Stre­se­mann­stra­ße/Wil­helm-Hausen­stein-Allee,2024-12-31,16:00,100.0,2.5,Grün
KA-0422-B,Josef-Schofer-Straße (beim Penny-Markt),Stre­se­mann­stra­ße/Wil­helm-Hausen­stein-Allee,2024-12-31,20:00,100.0,2.5,Braun
KA-0423-W,Josef-Schofer-Straße (beim Penny-Markt),Wilhelm-Hausen­stein-Allee/Au­gust-Bebel-Straße,2024-12-31,20:00,91.8,2.5,Weiß
KA-0424-G,Josef-Schofer-Straße (beim Penny-Markt),Wilhelm-Hausen­stein-Allee/Au­gust-Bebel-Straße,2024-12-31,20:00,72.4,2.5,Grün
KA-0425-B,Josef-Schofer-Straße (beim Penny-Markt),Wilhelm-Hausen­stein-Allee/Au­gust-Bebel-Straße,2024-12-31,20:00,71.9,2.5,Braun
KA-0426-W,Oberreut,Albert-Braun-Straße bei Nr. 5 a-d,2024-12-31,20:00,100.0,1.5,Weiß
KA-0427-G,Oberreut,Albert-Braun-Straße bei Nr. 5 a-d,2024-12-31,12:00,97.8,1.5,Grün
KA-0428-B,Oberreut,Albert-Braun-Straße bei Nr. 5 a-d,2024-12-31,20:00,85.8,1.5,Braun
KA-0429-W,Oberreut,Bernhard-Lichten­berg-Straße bei Nr. 14,2024-12-31,20:00,100.0,2.5,Weiß
KA-0430-G,Oberreut,Bernhard-Lichten­berg-Straße bei Nr. 14,2024-12-31,20:00,100.0,2.5,Grün
KA-0431-W,Oberreut,Bernhard-Lichten­berg-Straße bei Nr. 102,2024-12-31,20:00,97.6,1.5,Weiß
KA-0432-G,Oberreut,Bernhard-Lichten­berg-Straße bei Nr. 102,2024-12-31,20:00,89.4,1.5,Grün
KA-0433-W,Bonho­ef­fer­straße (vor der Schule),Eugen-Geck-Straße vor Nr. 5 a,2024-12-31,18:00,67.4,2.5,Weiß
KA-0434-G,Bonho­ef­fer­straße (vor der Schule),Eugen-Geck-Straße vor Nr. 5 a,2024-12-31,20:00,100.0,2.5,Grün
KA-0435-B,Bonho­ef­fer­straße (vor der Schule),Eugen-Geck-Straße vor Nr. 5 a,2024-12-31,18:00,100.0,2.5,Braun
KA-0436-W,Goer­de­ler­straße (vor Tiefga­ra­ge),Groß­o­ber­feld (Wert­stoffs­ta­tion - beachten Sie die Öff­nungs­zei­ten),2024-12-31,16:00,74.2,1.5,Weiß
KA-0437-G,Goer­de­ler­straße (vor Tiefga­ra­ge),Groß­o­ber­feld (Wert­stoffs­ta­tion - beachten Sie die Öff­nungs­zei­ten),2024-12-31,20:00,83.7,1.5,Grün
KA-0438-B,Goer­de­ler­straße (vor Tiefga­ra­ge),Groß­o­ber­feld (Wert­stoffs­ta­tion - beachten Sie die Öff­nungs­zei­ten),2024-12-31,20:00,51.5,1.5,Braun
KA-0439-W,Goer­de­ler­straße (vor Tiefga­ra­ge),Hermann-Müller-Würtz-Straße gegenüber Nr. 2,2024-12-31,20:00,43.0,2.5,Weiß
KA-0440-G,Goer­de­ler­straße (vor Tiefga­ra­ge),Hermann-Müller-Würtz-Straße gegenüber Nr. 2,2024-12-31,18:00,100.0,2.5,Grün
KA-0441-B,Goer­de­ler­straße (vor Tiefga­ra­ge),Hermann-Müller-Würtz-Straße gegenüber Nr. 2,2024-12-31,20:00,24.2,2.5,Braun
KA-0442-W,Goer­de­ler­straße (vor Tiefga­ra­ge),Otto-Wels-Straße (gegenüber Einkaufs­zen­trum),2024-12-31,18:00,72.1,1.5,Weiß
KA-0443-G,Goer­de­ler­straße (vor Tiefga­ra­ge),Otto-Wels-Straße (gegenüber Einkaufs­zen­trum),2024-12-31,20:00,100.0,1.5,Grün
KA-0444-B,Goer­de­ler­straße (vor Tiefga­ra­ge),Otto-Wels-Straße (gegenüber Einkaufs­zen­trum),2024-12-31,16:00,100.0,1.5,Braun
KA-0445-W,Goer­de­ler­straße (vor Tiefga­ra­ge),Otto-Wels-Straße/Wil­helm-Leuschner-Straße,2024-12-31,16:00,64.0,2.5,Weiß
KA-0446-G,Goer­de­ler­straße (vor Tiefga­ra­ge),Otto-Wels-Straße/Wil­helm-Leuschner-Straße,2024-12-31,20:00,100.0,2.5,Grün
KA-0447-B,Goer­de­ler­straße (vor Tiefga­ra­ge),Otto-Wels-Straße/Wil­helm-Leuschner-Straße,2024-12-31,18:00,100.0,2.5,Braun
KA-0448-W,Goer­de­ler­straße (vor Tiefga­ra­ge),Rudolf-Breit­scheid-Straße (am Markt­platz),2024-12-31,18:00,83.4,1.5,Weiß
KA-0449-G,Goer­de­ler­straße (vor Tiefga­ra­ge),Rudolf-Breit­scheid-Straße (am Markt­platz),2024-12-31,14:00,80.8,1.5,Grün
KA-0450-B,Goer­de­ler­straße (vor Tiefga­ra­ge),Rudolf-Breit­scheid-Straße (am Markt­platz),2024-12-31,20:00,100.0,1.5,Braun
KA-0451-W,Alter Schlacht­hof (Nähe ­Mess­platz),Theodor-Rehbock-Straße ­ge­gen­über Nr. 9,2024-12-31,20:00,47.6,1.5,Weiß
KA-0452-G,Alter Schlacht­hof (Nähe ­Mess­platz),Theodor-Rehbock-Straße ­ge­gen­über Nr. 9,2024-12-31,18:00,100.0,1.5,Grün
KA-0453-B,Alter Schlacht­hof (Nähe ­Mess­platz),Theodor-Rehbock-Straße ­ge­gen­über Nr. 9,2024-12-31,18:00,100.0,1.5,Braun
KA-0454-W,Alter Schlacht­hof (Nähe ­Mess­platz),Kriegs­straße bei Nr. 40,2024-12-31,20:00,72.7,2.5,Weiß
KA-0455-G,Alter Schlacht­hof (Nähe ­Mess­platz),Kriegs­straße bei Nr. 40,2024-12-31,18:00,72.1,2.5,Grün
KA-0456-B,Alter Schlacht­hof (Nähe ­Mess­platz),Kriegs­straße bei Nr. 40,2024-12-31,18:00,61.7,2.5,Braun
KA-0457-W,Alter Schlacht­hof (Nähe ­Mess­platz),Gerwig­stra­ße/­Veil­chen­straße,2024-12-31,20:00,100.0,2.5,Weiß
KA-0458-G,Alter Schlacht­hof (Nähe ­Mess­platz),Gerwig­stra­ße/­Veil­chen­straße,2024-12-31,20:00,100.0,2.5,Grün
KA-0459-W,Gottesauer Platz,Gottesauer Straße/Wolf­arts­weie­rer Straße,2024-12-31,20:00,100.0,1.5,Weiß
KA-0460-G,Gottesauer Platz,Gottesauer Straße/Wolf­arts­weie­rer Straße,2024-12-31,18:00,60.7,1.5,Grün
KA-0461-B,Gottesauer Platz,Gottesauer Straße/Wolf­arts­weie­rer Straße,2024-12-31,20:00,80.7,1.5,Braun
KA-0462-W,Hags­fel­der Allee,Haid- und Neu-Straße/Hel­mert­straße,2024-12-31,16:00,67.9,1.5,Weiß
KA-0463-G,Hags­fel­der Allee,Haid- und Neu-Straße/Hel­mert­straße,2024-12-31,20:00,100.0,1.5,Grün
KA-0464-B,Hags­fel­der Allee,Haid- und Neu-Straße/Hel­mert­straße,2024-12-31,18:00,94.6,1.5,Braun
KA-0465-W,Hags­fel­der Allee,Humboldt­stra­ße/Essen­wein­straße,2024-12-31,20:00,54.3,2.5,Weiß
KA-0466-G,Hags­fel­der Allee,Humboldt­stra­ße/Essen­wein­straße,2024-12-31,20:00,100.0,2.5,Grün
KA-0467-B,Hags­fel­der Allee,Humboldt­stra­ße/Essen­wein­straße,2024-12-31,16:00,100.0,2.5,Braun
KA-0468-W,Hags­fel­der Allee,Ludwig-Wilhelm-Straße/­Bern­hard­straße,2024-12-31,20:00,79.8,2.5,Weiß
KA-0469-G,Hags­fel­der Allee,Ludwig-Wilhelm-Straße/­Bern­hard­straße,2024-12-31,20:00,100.0,2.5,Grün
KA-0470-B,Hags­fel­der Allee,Ludwig-Wilhelm-Straße/­Bern­hard­straße,2024-12-31,12:00,66.9,2.5,Braun
KA-0471-W,Hags­fel­der Allee,Park­stra­ße/Am Fasanen­gar­ten,2024-12-31,20:00,95.3,1.5,Weiß
KA-0472-G,Hags­fel­der Allee,Park­stra­ße/Am Fasanen­gar­ten,2024-12-31,20:00,81.5,1.5,Grün
KA-0473-W,Hags­fel­der Allee,Rinthei­mer Straße bei Nr. 24,2024-12-31,18:00,93.3,1.5,Weiß
KA-0474-G,Hags­fel­der Allee,Rinthei­mer Straße bei Nr. 24,2024-12-31,20:00,70.7,1.5,Grün
KA-0475-B,Hags­fel­der Allee,Rinthei­mer Straße bei Nr. 24,2024-12-31,20:00,100.0,1.5,Braun
KA-0476-W,Hags­fel­der Allee,Rinthei­mer Straße/­Du­n­ant­stra­ße,2024-12-31,16:00,79.2,1.5,Weiß
KA-0477-G,Hags­fel­der Allee,Rinthei­mer Straße/­Du­n­ant­stra­ße,2024-12-31,20:00,89.6,1.5,Grün
KA-0478-B,Hags­fel­der Allee,Rinthei­mer Straße/­Du­n­ant­stra­ße,2024-12-31,20:00,66.0,1.5,Braun
KA-0479-W,Fried­hof­weg (gegen­über­ Fried­hof),Talstraße (Orts­aus­gang Richtung Stupfe­rich),2024-12-31,18:00,96.4,2.5,Weiß
KA-0480-G,Fried­hof­weg (gegen­über­ Fried­hof),Talstraße (Orts­aus­gang Richtung Stupfe­rich),2024-12-31,18:00,84.3,2.5,Grün
KA-0481-W,Rhein­strand­sied­lung,Agathen­straße vor Nr. 24,2024-12-31,20:00,61.2,2.5,Weiß
KA-0482-G,Rhein­strand­sied­lung,Agathen­straße vor Nr. 24,2024-12-31,18:00,87.6,2.5,Grün
KA-0483-B,Rhein­strand­sied­lung,Agathen­straße vor Nr. 24,2024-12-31,20:00,100.0,2.5,Braun
KA-0484-W,Rhein­strand­sied­lung,Agathen­stra­ße/Va­len­tin­straße,2024-12-31,20:00,100.0,1.5,Weiß
KA-0485-G,Rhein­strand­sied­lung,Agathen­stra­ße/Va­len­tin­straße,2024-12-31,18:00,85.6,1.5,Grün
KA-0486-W,Rhein­strand­sied­lung,August-Dosenbach-Straße/Rhein­ha­fen­straße,2024-12-31,18:00,75.8,1.5,Weiß
KA-0487-G,Rhein­strand­sied­lung,August-Dosenbach-Straße/Rhein­ha­fen­straße,2024-12-31,14:00,72.8,1.5,Grün
KA-0488-B,Rhein­strand­sied­lung,August-Dosenbach-Straße/Rhein­ha­fen­straße,2024-12-31,18:00,72.0,1.5,Braun
KA-0489-W,Rhein­strand­sied­lung,Kleiner Anger/Rhein­stran­dal­lee,2024-12-31,12:00,20.8,2.5,Weiß
KA-0490-G,Rhein­strand­sied­lung,Kleiner Anger/Rhein­stran­dal­lee,2024-12-31,18:00,100.0,2.5,Grün
KA-0491-W,Rhein­strand­sied­lung,Linden­al­lee bei Nr. 2,2024-12-31,20:00,100.0,2.5,Weiß
KA-0492-G,Rhein­strand­sied­lung,Linden­al­lee bei Nr. 2,2024-12-31,20:00,72.8,2.5,Grün
KA-0493-W,Rhein­strand­sied­lung,Panora­ma­weg/Am Anger (bei REWE),2024-12-31,20:00,100.0,2.5,Weiß
KA-0494-G,Rhein­strand­sied­lung,Panora­ma­weg/Am Anger (bei REWE),2024-12-31,18:00,69.0,2.5,Grün
KA-0495-B,Rhein­strand­sied­lung,Panora­ma­weg/Am Anger (bei REWE),2024-12-31,12:00,60.7,2.5,Braun
KA-0496-W,Rhein­strand­sied­lung,Pappel­al­lee/Fal­ter­weg,2024-12-31,20:00,100.0,2.5,Weiß
KA-0497-G,Rhein­strand­sied­lung,Pappel­al­lee/Fal­ter­weg,2024-12-31,18:00,38.7,2.5,Grün
KA-0498-B,Rhein­strand­sied­lung,Pappel­al­lee/Fal­ter­weg,2024-12-31,14:00,54.4,2.5,Braun
KA-0499-W,Parkplatz vor Rhein­strand­halle,Thomas-Mann-Straße zwischen Nr. 1 und 3,2024-12-31,18:00,100.0,2.5,Weiß
KA-0500-G,Parkplatz vor Rhein­strand­halle,Thomas-Mann-Straße zwischen Nr. 1 und 3,2024-12-31,20:00,97.3,2.5,Grün
KA-0501-B,Parkplatz vor Rhein­strand­halle,Thomas-Mann-Straße zwischen Nr. 1 und 3,2024-12-31,20:00,66.9,2.5,Braun
KA-0502-W,Rintheim,Forst­straße bei Nr. 7,2024-12-31,20:00,73.6,2.5,Weiß
KA-0503-G,Rintheim,Forst­straße bei Nr. 7,2024-12-31,16:00,76.1,2.5,Grün
KA-0504-B,Rintheim,Forst­straße bei Nr. 7,2024-12-31,14:00,53.6,2.5,Braun
KA-0505-W,Rintheim,Heil­bron­ner Straße/­Stau­den­platz,2024-12-31,18:00,59.4,2.5,Weiß
KA-0506-G,Rintheim,Heil­bron­ner Straße/­Stau­den­platz,2024-12-31,18:00,53.2,2.5,Grün
KA-0507-W,Rintheim,Heinrich-Wittmann-Straße gegenüber Nr. 17,2024-12-31,18:00,100.0,2.5,Weiß
KA-0508-G,Rintheim,Heinrich-Wittmann-Straße gegenüber Nr. 17,2024-12-31,20:00,67.9,2.5,Grün
KA-0509-B,Rintheim,Heinrich-Wittmann-Straße gegenüber Nr. 17,2024-12-31,20:00,47.0,2.5,Braun
KA-0510-W,Rintheim,Hirtenweg bei Nr. 16,2024-12-31,20:00,59.0,1.5,Weiß
KA-0511-G,Rintheim,Hirtenweg bei Nr. 16,2024-12-31,16:00,100.0,1.5,Grün
KA-0512-B,Rintheim,Hirtenweg bei Nr. 16,2024-12-31,20:00,100.0,1.5,Braun
KA-0513-W,Rintheim,Mann­hei­mer Straße/Dros­sel­sang­weg,2024-12-31,18:00,88.3,2.5,Weiß
KA-0514-G,Rintheim,Mann­hei­mer Straße/Dros­sel­sang­weg,2024-12-31,20:00,54.7,2.5,Grün
KA-0515-B,Rintheim,Mann­hei­mer Straße/Dros­sel­sang­weg,2024-12-31,20:00,86.0,2.5,Braun
KA-0516-W,Rintheim,Rinthei­mer Haupt­stra­ße/­Ernst­stra­ße,2024-12-31,20:00,100.0,2.5,Weiß
KA-0517-G,Rintheim,Rinthei­mer Haupt­stra­ße/­Ernst­stra­ße,2024-12-31,20:00,53.7,2.5,Grün
KA-0518-B,Rintheim,Rinthei­mer Haupt­stra­ße/­Ernst­stra­ße,2024-12-31,18:00,100.0,2.5,Braun
KA-0519-W,Rüppurr,Adalbert-Stifter-Straße/­Batt­straße,2024-12-31,16:00,64.9,2.5,Weiß
KA-0520-G,Rüppurr,Adalbert-Stifter-Straße/­Batt­straße,2024-12-31,20:00,100.0,2.5,Grün
KA-0521-B,Rüppurr,Adalbert-Stifter-Straße/­Batt­straße,2024-12-31,18:00,94.6,2.5,Braun
KA-0522-W,Allmend­straße (bei Fußgän­ger­brücke),Am Rüppurrer Schloß/Er­len­weg,2024-12-31,14:00,46.2,2.5,Weiß
KA-0523-G,Allmend­straße (bei Fußgän­ger­brücke),Am Rüppurrer Schloß/Er­len­weg,2024-12-31,16:00,71.2,2.5,Grün
KA-0524-W,Allmend­straße (bei Fußgän­ger­brücke),Diako­nis­sen­straße (vor dem Kranken­haus),2024-12-31,16:00,80.5,2.5,Weiß
KA-0525-G,Allmend­straße (bei Fußgän­ger­brücke),Diako­nis­sen­straße (vor dem Kranken­haus),2024-12-31,20:00,100.0,2.5,Grün
KA-0526-W,Allmend­straße (bei Fußgän­ger­brücke),Frau­enal­ber Straße/­Moosalb­straße,2024-12-31,20:00,96.3,2.5,Weiß
KA-0527-G,Allmend­straße (bei Fußgän­ger­brücke),Frau­enal­ber Straße/­Moosalb­straße,2024-12-31,20:00,100.0,2.5,Grün
KA-0528-B,Allmend­straße (bei Fußgän­ger­brücke),Frau­enal­ber Straße/­Moosalb­straße,2024-12-31,16:00,56.6,2.5,Braun
KA-0529-W,Allmend­straße (bei Fußgän­ger­brücke),Graf-Eberstein-Straße/Tul­pen­straße,2024-12-31,18:00,92.6,1.5,Weiß
KA-0530-G,Allmend­straße (bei Fußgän­ger­brücke),Graf-Eberstein-Straße/Tul­pen­straße,2024-12-31,20:00,77.9,1.5,Grün
KA-0531-B,Allmend­straße (bei Fußgän­ger­brücke),Graf-Eberstein-Straße/Tul­pen­straße,2024-12-31,20:00,92.1,1.5,Braun
KA-0532-W,Allmend­straße (bei Fußgän­ger­brücke),Im Grün/Os­ten­dorf­platz,2024-12-31,18:00,100.0,2.5,Weiß
KA-0533-G,Allmend­straße (bei Fußgän­ger­brücke),Im Grün/Os­ten­dorf­platz,2024-12-31,20:00,100.0,2.5,Grün
KA-0534-W,Kuhlager-Seele-Weg (bei Parkplatz),Lange Straße/Ra­stat­ter Straße,2024-12-31,20:00,81.8,1.5,Weiß
KA-0535-G,Kuhlager-Seele-Weg (bei Parkplatz),Lange Straße/Ra­stat­ter Straße,2024-12-31,20:00,100.0,1.5,Grün
KA-0536-B,Kuhlager-Seele-Weg (bei Parkplatz),Lange Straße/Ra­stat­ter Straße,2024-12-31,16:00,62.0,1.5,Braun
KA-0537-W,Kuhlager-Seele-Weg (bei Parkplatz),Lützow­stra­ße/Ried­schule,2024-12-31,18:00,100.0,2.5,Weiß
KA-0538-G,Kuhlager-Seele-Weg (bei Parkplatz),Lützow­stra­ße/Ried­schule,2024-12-31,18:00,76.6,2.5,Grün
KA-0539-B,Kuhlager-Seele-Weg (bei Parkplatz),Lützow­stra­ße/Ried­schule,2024-12-31,14:00,63.2,2.5,Braun
KA-0540-W,Kuhlager-Seele-Weg (bei Parkplatz),Reinhold-Schneider-Straße (Parkplatz Nähe Einkaufs­zen­trum),2024-12-31,20:00,73.6,2.5,Weiß
KA-0541-G,Kuhlager-Seele-Weg (bei Parkplatz),Reinhold-Schneider-Straße (Parkplatz Nähe Einkaufs­zen­trum),2024-12-31,16:00,53.9,2.5,Grün
KA-0542-B,Kuhlager-Seele-Weg (bei Parkplatz),Reinhold-Schneider-Straße (Parkplatz Nähe Einkaufs­zen­trum),2024-12-31,20:00,100.0,2.5,Braun
KA-0543-W,Kuhlager-Seele-Weg (bei Parkplatz),Stein­mann­straße bei Grünab­fall­con­tai­ner,2024-12-31,20:00,100.0,2.5,Weiß
KA-0544-G,Kuhlager-Seele-Weg (bei Parkplatz),Stein­mann­straße bei Grünab­fall­con­tai­ner,2024-12-31,20:00,62.6,2.5,Grün
KA-0545-B,Kuhlager-Seele-Weg (bei Parkplatz),Stein­mann­straße bei Grünab­fall­con­tai­ner,2024-12-31,20:00,98.4,2.5,Braun
KA-0546-W,Kuhlager-Seele-Weg (bei Parkplatz),Tulpen­stra­ße/Arndt­straße,2024-12-31,20:00,100.0,1.5,Weiß
KA-0547-G,Kuhlager-Seele-Weg (bei Parkplatz),Tulpen­stra­ße/Arndt­straße,2024-12-31,20:00,81.2,1.5,Grün
KA-0548-W,Kuhlager-Seele-Weg (bei Parkplatz),Wicken­weg/Re­se­den­weg,2024-12-31,20:00,100.0,2.5,Weiß
KA-0549-G,Kuhlager-Seele-Weg (bei Parkplatz),Wicken­weg/Re­se­den­weg,2024-12-31,20:00,100.0,2.5,Grün
KA-0550-B,Kuhlager-Seele-Weg (bei Parkplatz),Wicken­weg/Re­se­den­weg,2024-12-31,20:00,100.0,2.5,Braun
KA-0551-W,Stupferich,Neuberg­stra­ße/­Son­nen­berg­straße,2024-12-31,20:00,29.7,2.5,Weiß
KA-0552-G,Stupferich,Neuberg­stra­ße/­Son­nen­berg­straße,2024-12-31,16:00,64.1,2.5,Grün
KA-0553-B,Stupferich,Neuberg­stra­ße/­Son­nen­berg­straße,2024-12-31,20:00,55.0,2.5,Braun
KA-0554-W,Stupferich,Palm­ba­cher Straße/Ries­ling­s­traße,2024-12-31,20:00,94.5,2.5,Weiß
KA-0555-G,Stupferich,Palm­ba­cher Straße/Ries­ling­s­traße,2024-12-31,18:00,55.1,2.5,Grün
KA-0556-B,Stupferich,Palm­ba­cher Straße/Ries­ling­s­traße,2024-12-31,20:00,95.7,2.5,Braun
KA-0557-W,Stupferich,Pfef­feräcker­straße gegenüber Nr. 15,2024-12-31,18:00,26.5,1.5,Weiß
KA-0558-G,Stupferich,Pfef­feräcker­straße gegenüber Nr. 15,2024-12-31,18:00,76.3,1.5,Grün
KA-0559-B,Stupferich,Pfef­feräcker­straße gegenüber Nr. 15,2024-12-31,18:00,100.0,1.5,Braun
KA-0560-W,Stupferich,Ries­ling­s­traße gegenüber Nr. 45,2024-12-31,20:00,100.0,2.5,Weiß
KA-0561-G,Stupferich,Ries­ling­s­traße gegenüber Nr. 45,2024-12-31,16:00,100.0,2.5,Grün
KA-0562-W,Stupferich,Stup­fe­ri­cher Weg/Tho­mas­hof,2024-12-31,18:00,100.0,2.5,Weiß
KA-0563-G,Stupferich,Stup­fe­ri­cher Weg/Tho­mas­hof,2024-12-31,18:00,100.0,2.5,Grün
KA-0564-B,Stupferich,Stup­fe­ri­cher Weg/Tho­mas­hof,2024-12-31,20:00,51.3,2.5,Braun
KA-0565-W,Stupferich,Windel­bach­straße (an der Wende­schlei­fe),2024-12-31,20:00,96.3,2.5,Weiß
KA-0566-G,Stupferich,Windel­bach­straße (an der Wende­schlei­fe),2024-12-31,20:00,80.1,2.5,Grün
KA-0567-B,Stupferich,Windel­bach­straße (an der Wende­schlei­fe),2024-12-31,20:00,89.8,2.5,Braun
KA-0568-W,Südstadt,Am Stadt­gar­ten/­Bahn­hof­platz,2024-12-31,20:00,19.3,2.5,Weiß
KA-0569-G,Südstadt,Am Stadt­gar­ten/­Bahn­hof­platz,2024-12-31,16:00,100.0,2.5,Grün
KA-0570-B,Südstadt,Am Stadt­gar­ten/­Bahn­hof­platz,2024-12-31,16:00,60.0,2.5,Braun
KA-0571-W,Südstadt,Augar­ten­stra­ße/Ett­lin­ger Straße,2024-12-31,20:00,67.3,2.5,Weiß
KA-0572-G,Südstadt,Augar­ten­stra­ße/Ett­lin­ger Straße,2024-12-31,14:00,62.0,2.5,Grün
KA-0573-W,Südstadt,Baumeis­ter­stra­ße/Wil­helm­straße,2024-12-31,14:00,65.8,2.5,Weiß
KA-0574-G,Südstadt,Baumeis­ter­stra­ße/Wil­helm­straße,2024-12-31,20:00,100.0,2.5,Grün
KA-0575-W,Südstadt,Nebe­ni­us­s­tra­ße/­Ma­ri­en­straße,2024-12-31,20:00,86.2,2.5,Weiß
KA-0576-G,Südstadt,Nebe­ni­us­s­tra­ße/­Ma­ri­en­straße,2024-12-31,18:00,78.1,2.5,Grün
KA-0577-B,Südstadt,Nebe­ni­us­s­tra­ße/­Ma­ri­en­straße,2024-12-31,20:00,100.0,2.5,Braun
KA-0578-W,Südstadt,Philipp-Reis-Straße gegenüber Nr. 3,2024-12-31,20:00,100.0,2.5,Weiß
KA-0579-G,Südstadt,Philipp-Reis-Straße gegenüber Nr. 3,2024-12-31,14:00,79.3,2.5,Grün
KA-0580-B,Südstadt,Philipp-Reis-Straße gegenüber Nr. 3,2024-12-31,14:00,100.0,2.5,Braun
KA-0581-W,Südstadt,Rüppurrer Straße bei Nr. 45,2024-12-31,16:00,100.0,2.5,Weiß
KA-0582-G,Südstadt,Rüppurrer Straße bei Nr. 45,2024-12-31,16:00,100.0,2.5,Grün
KA-0583-B,Südstadt,Rüppurrer Straße bei Nr. 45,2024-12-31,20:00,93.3,2.5,Braun
KA-0584-W,Südstadt,Stutt­gar­ter Straße/­Sy­bel­straße,2024-12-31,20:00,23.6,2.5,Weiß
KA-0585-G,Südstadt,Stutt­gar­ter Straße/­Sy­bel­straße,2024-12-31,16:00,96.7,2.5,Grün
KA-0586-B,Südstadt,Stutt­gar­ter Straße/­Sy­bel­straße,2024-12-31,16:00,100.0,2.5,Braun
KA-0587-W,Südwest­stadt,August-Dürr-Straße/Renck­straße,2024-12-31,20:00,76.4,2.5,Weiß
KA-0588-G,Südwest­stadt,August-Dürr-Straße/Renck­straße,2024-12-31,20:00,56.9,2.5,Grün
KA-0589-W,Südwest­stadt,Bahn­hof­straße gegenüber Nr. 42,2024-12-31,20:00,100.0,2.5,Weiß
KA-0590-G,Südwest­stadt,Bahn­hof­straße gegenüber Nr. 42,2024-12-31,18:00,72.3,2.5,Grün
KA-0591-B,Südwest­stadt,Bahn­hof­straße gegenüber Nr. 42,2024-12-31,20:00,68.5,2.5,Braun
KA-0592-W,Südwest­stadt,Ebert­stra­ße/Schwarz­wald­straße,2024-12-31,16:00,91.3,2.5,Weiß
KA-0593-G,Südwest­stadt,Ebert­stra­ße/Schwarz­wald­straße,2024-12-31,18:00,21.5,2.5,Grün
KA-0594-B,Südwest­stadt,Ebert­stra­ße/Schwarz­wald­straße,2024-12-31,20:00,54.4,2.5,Braun
KA-0595-W,Südwest­stadt,Ernst-Frey-Straße/­Stein­häu­ser­straße,2024-12-31,20:00,100.0,2.5,Weiß
KA-0596-G,Südwest­stadt,Ernst-Frey-Straße/­Stein­häu­ser­straße,2024-12-31,20:00,54.0,2.5,Grün
KA-0597-B,Südwest­stadt,Ernst-Frey-Straße/­Stein­häu­ser­straße,2024-12-31,12:00,100.0,2.5,Braun
KA-0598-W,Südwest­stadt,Garten­stra­ße/­Karl­straße,2024-12-31,20:00,100.0,2.5,Weiß
KA-0599-G,Südwest­stadt,Garten­stra­ße/­Karl­straße,2024-12-31,20:00,100.0,2.5,Grün
KA-0600-B,Südwest­stadt,Garten­stra­ße/­Karl­straße,2024-12-31,18:00,68.0,2.5,Braun
KA-0601-W,Südwest­stadt,Graf-Rhena-Straße bei Nr. 23,2024-12-31,20:00,61.8,2.5,Weiß
KA-0602-G,Südwest­stadt,Graf-Rhena-Straße bei Nr. 23,2024-12-31,20:00,77.3,2.5,Grün
KA-0603-B,Südwest­stadt,Graf-Rhena-Straße bei Nr. 23,2024-12-31,16:00,100.0,2.5,Braun
KA-0604-W,Südwest­stadt,Hermann-Billing-Straße/­Bei­ert­hei­mer Allee,2024-12-31,16:00,100.0,2.5,Weiß
KA-0605-G,Südwest­stadt,Hermann-Billing-Straße/­Bei­ert­hei­mer Allee,2024-12-31,18:00,52.8,2.5,Grün
KA-0606-W,Südwest­stadt,Jolly­stra­ße/Otto-Sachs-Straße,2024-12-31,18:00,77.9,2.5,Weiß
KA-0607-G,Südwest­stadt,Jolly­stra­ße/Otto-Sachs-Straße,2024-12-31,20:00,94.4,2.5,Grün
KA-0608-W,Südwest­stadt,Mathy­stra­ße/Al­ter Brauhof,2024-12-31,12:00,100.0,2.5,Weiß
KA-0609-G,Südwest­stadt,Mathy­stra­ße/Al­ter Brauhof,2024-12-31,16:00,100.0,2.5,Grün
KA-0610-W,Südwest­stadt,Römhildt­stra­ße/Lo­renz­straße,2024-12-31,14:00,76.0,2.5,Weiß
KA-0611-G,Südwest­stadt,Römhildt­stra­ße/Lo­renz­straße,2024-12-31,16:00,97.9,2.5,Grün
KA-0612-W,Südwest­stadt,Südend­stra­ße/­Bei­ert­hei­mer Allee (Park­platz),2024-12-31,18:00,100.0,2.5,Weiß
KA-0613-G,Südwest­stadt,Südend­stra­ße/­Bei­ert­hei­mer Allee (Park­platz),2024-12-31,20:00,83.2,2.5,Grün
KA-0614-W,Südwest­stadt,Südend­stra­ße/­Boe­ck­h­straße,2024-12-31,20:00,95.5,2.5,Weiß
KA-0615-G,Südwest­stadt,Südend­stra­ße/­Boe­ck­h­straße,2024-12-31,16:00,74.8,2.5,Grün
KA-0616-B,Südwest­stadt,Südend­stra­ße/­Boe­ck­h­straße,2024-12-31,18:00,96.6,2.5,Braun
KA-0617-W,Südwest­stadt,Victor-Gollancz-Straße/Schwarz­wald­stra­ße,2024-12-31,18:00,49.7,2.5,Weiß
KA-0618-G,Südwest­stadt,Victor-Gollancz-Straße/Schwarz­wald­stra­ße,2024-12-31,20:00,100.0,2.5,Grün
KA-0619-B,Südwest­stadt,Victor-Gollancz-Straße/Schwarz­wald­stra­ße,2024-12-31,20:00,100.0,2.5,Braun
KA-0620-W,Waldstadt,Albert-Schweitzer-Straße (bei ­Eu­ropäischer Schule),2024-12-31,20:00,55.2,2.5,Weiß
KA-0621-G,Waldstadt,Albert-Schweitzer-Straße (bei ­Eu­ropäischer Schule),2024-12-31,20:00,82.7,2.5,Grün
KA-0622-B,Waldstadt,Albert-Schweitzer-Straße (bei ­Eu­ropäischer Schule),2024-12-31,20:00,100.0,2.5,Braun
KA-0623-W,Am Sportpark,Breslauer Straße/Op­pel­ner Straße,2024-12-31,14:00,100.0,1.5,Weiß
KA-0624-G,Am Sportpark,Breslauer Straße/Op­pel­ner Straße,2024-12-31,18:00,85.8,1.5,Grün
KA-0625-B,Am Sportpark,Breslauer Straße/Op­pel­ner Straße,2024-12-31,18:00,100.0,1.5,Braun
KA-0626-W,Am Sportpark,Elbinger Straße bei Nr. 16 (Einkaufs­zen­trum),2024-12-31,18:00,84.6,1.5,Weiß
KA-0627-G,Am Sportpark,Elbinger Straße bei Nr. 16 (Einkaufs­zen­trum),2024-12-31,20:00,100.0,1.5,Grün
KA-0628-B,Am Sportpark,Elbinger Straße bei Nr. 16 (Einkaufs­zen­trum),2024-12-31,20:00,100.0,1.5,Braun
KA-0629-W,Am Sportpark,Elbinger Straße/Os­te­ro­der Straße,2024-12-31,20:00,100.0,1.5,Weiß
KA-0630-G,Am Sportpark,Elbinger Straße/Os­te­ro­der Straße,2024-12-31,14:00,22.2,1.5,Grün
KA-0631-B,Am Sportpark,Elbinger Straße/Os­te­ro­der Straße,2024-12-31,18:00,95.6,1.5,Braun
KA-0632-W,Im Eichbäumle,Inster­bur­ger Straße (bei Einkaufs­zen­trum),2024-12-31,20:00,100.0,2.5,Weiß
KA-0633-G,Im Eichbäumle,Inster­bur­ger Straße (bei Einkaufs­zen­trum),2024-12-31,20:00,63.8,2.5,Grün
KA-0634-B,Im Eichbäumle,Inster­bur­ger Straße (bei Einkaufs­zen­trum),2024-12-31,18:00,25.8,2.5,Braun
KA-0635-W,Inster­bur­ger Straße (bei Hochhaus),Inster­bur­ger Straße (Park­ta­sche gegenüber Häuser­reihe 8),2024-12-31,20:00,56.0,2.5,Weiß
KA-0636-G,Inster­bur­ger Straße (bei Hochhaus),Inster­bur­ger Straße (Park­ta­sche gegenüber Häuser­reihe 8),2024-12-31,18:00,97.1,2.5,Grün
KA-0637-W,Inster­bur­ger Straße (bei Hochhaus),Inster­bur­ger Straße (bei Wende­schlei­fe),2024-12-31,14:00,76.9,2.5,Weiß
KA-0638-G,Inster­bur­ger Straße (bei Hochhaus),Inster­bur­ger Straße (bei Wende­schlei­fe),2024-12-31,20:00,55.7,2.5,Grün
KA-0639-B,Inster­bur­ger Straße (bei Hochhaus),Inster­bur­ger Straße (bei Wende­schlei­fe),2024-12-31,20:00,87.0,2.5,Braun
KA-0640-W,Inster­bur­ger Straße (bei Hochhaus),Kolberger Straße/­Brauns­ber­ger Straße,2024-12-31,14:00,63.9,1.5,Weiß
KA-0641-G,Inster­bur­ger Straße (bei Hochhaus),Kolberger Straße/­Brauns­ber­ger Straße,2024-12-31,20:00,24.1,1.5,Grün
KA-0642-B,Inster­bur­ger Straße (bei Hochhaus),Kolberger Straße/­Brauns­ber­ger Straße,2024-12-31,18:00,82.2,1.5,Braun
KA-0643-W,Inster­bur­ger Straße (bei Hochhaus),Kolberger Straße vor Nr. 20,2024-12-31,18:00,98.7,2.5,Weiß
KA-0644-G,Inster­bur­ger Straße (bei Hochhaus),Kolberger Straße vor Nr. 20,2024-12-31,18:00,37.7,2.5,Grün
KA-0645-B,Inster­bur­ger Straße (bei Hochhaus),Kolberger Straße vor Nr. 20,2024-12-31,18:00,85.9,2.5,Braun
KA-0646-W,Inster­bur­ger Straße (bei Hochhaus),Kolberger Straße/Glo­gauer Straße (bei Wendeschleife, neben Nr. 28),2024-12-31,20:00,61.7,2.5,Weiß
KA-0647-G,Inster­bur­ger Straße (bei Hochhaus),Kolberger Straße/Glo­gauer Straße (bei Wendeschleife, neben Nr. 28),2024-12-31,18:00,100.0,2.5,Grün
KA-0648-B,Inster­bur­ger Straße (bei Hochhaus),Kolberger Straße/Glo­gauer Straße (bei Wendeschleife, neben Nr. 28),2024-12-31,18:00,68.0,2.5,Braun
KA-0649-W,Inster­bur­ger Straße (bei Hochhaus),Königs­ber­ger Straße (bei Einkaufs­zen­trum),2024-12-31,20:00,100.0,2.5,Weiß
KA-0650-G,Inster­bur­ger Straße (bei Hochhaus),Königs­ber­ger Straße (bei Einkaufs­zen­trum),2024-12-31,16:00,100.0,2.5,Grün
KA-0651-W,Inster­bur­ger Straße (bei Hochhaus),Königs­ber­ger Straße (bei Wende­schleife),2024-12-31,20:00,96.4,1.5,Weiß
KA-0652-G,Inster­bur­ger Straße (bei Hochhaus),Königs­ber­ger Straße (bei Wende­schleife),2024-12-31,20:00,28.6,1.5,Grün
KA-0653-W,Inster­bur­ger Straße (bei Hochhaus),Königs­ber­ger Straße/Til­si­ter Straße,2024-12-31,16:00,100.0,2.5,Weiß
KA-0654-G,Inster­bur­ger Straße (bei Hochhaus),Königs­ber­ger Straße/Til­si­ter Straße,2024-12-31,20:00,71.3,2.5,Grün
KA-0655-B,Inster­bur­ger Straße (bei Hochhaus),Königs­ber­ger Straße/Til­si­ter Straße,2024-12-31,20:00,62.7,2.5,Braun
KA-0656-W,Inster­bur­ger Straße (bei Hochhaus),Kösliner Straße/Glo­gauer Straße,2024-12-31,18:00,68.1,1.5,Weiß
KA-0657-G,Inster­bur­ger Straße (bei Hochhaus),Kösliner Straße/Glo­gauer Straße,2024-12-31,20:00,100.0,1.5,Grün
KA-0658-B,Inster­bur­ger Straße (bei Hochhaus),Kösliner Straße/Glo­gauer Straße,2024-12-31,20:00,100.0,1.5,Braun
KA-0659-W,Inster­bur­ger Straße (bei Hochhaus),Lauen­bur­ger Straße bei Nr. 3,2024-12-31,18:00,70.1,2.5,Weiß
KA-0660-G,Inster­bur­ger Straße (bei Hochhaus),Lauen­bur­ger Straße bei Nr. 3,2024-12-31,20:00,100.0,2.5,Grün
KA-0661-W,Neisser Straße (bei Einkaufs­zen­trum),Reit­schul­schlag/La­chen­weg,2024-12-31,18:00,100.0,1.5,Weiß
KA-0662-G,Neisser Straße (bei Einkaufs­zen­trum),Reit­schul­schlag/La­chen­weg,2024-12-31,20:00,100.0,1.5,Grün
KA-0663-B,Neisser Straße (bei Einkaufs­zen­trum),Reit­schul­schlag/La­chen­weg,2024-12-31,16:00,100.0,1.5,Braun
KA-0664-W,Neisser Straße (bei Einkaufs­zen­trum),Schnei­de­müh­ler Straße (bei Einkaufs­zen­trum),2024-12-31,18:00,100.0,2.5,Weiß
KA-0665-G,Neisser Straße (bei Einkaufs­zen­trum),Schnei­de­müh­ler Straße (bei Einkaufs­zen­trum),2024-12-31,20:00,58.5,2.5,Grün
KA-0666-B,Neisser Straße (bei Einkaufs­zen­trum),Schnei­de­müh­ler Straße (bei Einkaufs­zen­trum),2024-12-31,18:00,73.0,2.5,Braun
KA-0667-W,Neisser Straße (bei Einkaufs­zen­trum),Schnei­de­müh­ler Straße (bei Wende­schlei­fe),2024-12-31,16:00,69.0,2.5,Weiß
KA-0668-G,Neisser Straße (bei Einkaufs­zen­trum),Schnei­de­müh­ler Straße (bei Wende­schlei­fe),2024-12-31,16:00,96.6,2.5,Grün
KA-0669-B,Neisser Straße (bei Einkaufs­zen­trum),Schnei­de­müh­ler Straße (bei Wende­schlei­fe),2024-12-31,18:00,100.0,2.5,Braun
KA-0670-W,Neisser Straße (bei Einkaufs­zen­trum),Schweid­nit­zer Straße bei Nr. 10 a,2024-12-31,20:00,72.4,2.5,Weiß
KA-0671-G,Neisser Straße (bei Einkaufs­zen­trum),Schweid­nit­zer Straße bei Nr. 10 a,2024-12-31,16:00,80.9,2.5,Grün
KA-0672-B,Neisser Straße (bei Einkaufs­zen­trum),Schweid­nit­zer Straße bei Nr. 10 a,2024-12-31,18:00,100.0,2.5,Braun
KA-0673-W,Neisser Straße (bei Einkaufs­zen­trum),Theodor-Heuss-Allee/­Bres­lauer Straße,2024-12-31,20:00,84.9,2.5,Weiß
KA-0674-G,Neisser Straße (bei Einkaufs­zen­trum),Theodor-Heuss-Allee/­Bres­lauer Straße,2024-12-31,20:00,100.0,2.5,Grün
KA-0675-B,Neisser Straße (bei Einkaufs­zen­trum),Theodor-Heuss-Allee/­Bres­lauer Straße,2024-12-31,20:00,100.0,2.5,Braun
KA-0676-W,Donau­straße (am Wen­de­ham­mer),Links der Alb/Nürn­ber­ger Straße,2024-12-31,14:00,78.2,1.5,Weiß
KA-0677-G,Donau­straße (am Wen­de­ham­mer),Links der Alb/Nürn­ber­ger Straße,2024-12-31,18:00,69.4,1.5,Grün
KA-0678-B,Donau­straße (am Wen­de­ham­mer),Links der Alb/Nürn­ber­ger Straße,2024-12-31,12:00,18.3,1.5,Braun
KA-0679-W,Weststadt,Blücher­stra­ße/Nörd­li­che Hild­a­pro­me­nade,2024-12-31,20:00,18.5,2.5,Weiß
KA-0680-G,Weststadt,Blücher­stra­ße/Nörd­li­che Hild­a­pro­me­nade,2024-12-31,18:00,100.0,2.5,Grün
KA-0681-B,Weststadt,Blücher­stra­ße/Nörd­li­che Hild­a­pro­me­nade,2024-12-31,18:00,100.0,2.5,Braun
KA-0682-W,Weststadt,Eisen­lohr­stra­ße/­Bun­sen­straße,2024-12-31,20:00,23.6,2.5,Weiß
KA-0683-G,Weststadt,Eisen­lohr­stra­ße/­Bun­sen­straße,2024-12-31,20:00,100.0,2.5,Grün
KA-0684-W,Weststadt,Gera­ni­en­stra­ße/­So­phien­straße,2024-12-31,16:00,100.0,2.5,Weiß
KA-0685-G,Weststadt,Gera­ni­en­stra­ße/­So­phien­straße,2024-12-31,20:00,56.1,2.5,Grün
KA-0686-W,Weststadt,Gustav-Heller-Platz/Wil­helm-Baur-Straße (beim Altenheim),2024-12-31,20:00,100.0,2.5,Weiß
KA-0687-G,Weststadt,Gustav-Heller-Platz/Wil­helm-Baur-Straße (beim Altenheim),2024-12-31,20:00,84.7,2.5,Grün
KA-0688-W,Weststadt,Guten­berg­platz/­So­phien­straße,2024-12-31,20:00,81.4,2.5,Weiß
KA-0689-G,Weststadt,Guten­berg­platz/­So­phien­straße,2024-12-31,18:00,96.0,2.5,Grün
KA-0690-B,Weststadt,Guten­berg­platz/­So­phien­straße,2024-12-31,16:00,100.0,2.5,Braun
KA-0691-W,Hans-Sachs-Straße (bei REWE),Kriegs­stra­ße/Les­sing­straße (vor Versor­gungs­amt),2024-12-31,14:00,100.0,1.5,Weiß
KA-0692-G,Hans-Sachs-Straße (bei REWE),Kriegs­stra­ße/Les­sing­straße (vor Versor­gungs­amt),2024-12-31,20:00,99.6,1.5,Grün
KA-0693-B,Hans-Sachs-Straße (bei REWE),Kriegs­stra­ße/Les­sing­straße (vor Versor­gungs­amt),2024-12-31,18:00,77.6,1.5,Braun
KA-0694-W,Hans-Sachs-Straße (bei REWE),Kriegs­stra­ße/Wil­helm-Baur-Straße,2024-12-31,20:00,100.0,2.5,Weiß
KA-0695-G,Hans-Sachs-Straße (bei REWE),Kriegs­stra­ße/Wil­helm-Baur-Straße,2024-12-31,20:00,100.0,2.5,Grün
KA-0696-B,Hans-Sachs-Straße (bei REWE),Kriegs­stra­ße/Wil­helm-Baur-Straße,2024-12-31,18:00,45.5,2.5,Braun
KA-0697-W,Hans-Sachs-Straße (bei REWE),Rief­stahl­stra­ße/Hoff­straße,2024-12-31,20:00,47.0,2.5,Weiß
KA-0698-G,Hans-Sachs-Straße (bei REWE),Rief­stahl­stra­ße/Hoff­straße,2024-12-31,20:00,100.0,2.5,Grün
KA-0699-B,Hans-Sachs-Straße (bei REWE),Rief­stahl­stra­ße/Hoff­straße,2024-12-31,20:00,69.8,2.5,Braun
KA-0700-W,Hans-Sachs-Straße (bei REWE),Sophien­stra­ße/­Grill­par­zer­straße,2024-12-31,16:00,100.0,1.5,Weiß
KA-0701-G,Hans-Sachs-Straße (bei REWE),Sophien­stra­ße/­Grill­par­zer­straße,2024-12-31,18:00,65.5,1.5,Grün
KA-0702-B,Hans-Sachs-Straße (bei REWE),Sophien­stra­ße/­Grill­par­zer­straße,2024-12-31,18:00,26.5,1.5,Braun
KA-0703-W,Hans-Sachs-Straße (bei REWE),Sophien­stra­ße/S­chef­fel­straße,2024-12-31,14:00,67.5,1.5,Weiß
KA-0704-G,Hans-Sachs-Straße (bei REWE),Sophien­stra­ße/S­chef­fel­straße,2024-12-31,18:00,100.0,1.5,Grün
KA-0705-W,Hans-Sachs-Straße (bei REWE),Südliche Hilda­pro­me­na­de/­Koch­straße,2024-12-31,16:00,100.0,2.5,Weiß
KA-0706-G,Hans-Sachs-Straße (bei REWE),Südliche Hilda­pro­me­na­de/­Koch­straße,2024-12-31,18:00,54.8,2.5,Grün
KA-0707-B,Hans-Sachs-Straße (bei REWE),Südliche Hilda­pro­me­na­de/­Koch­straße,2024-12-31,18:00,66.6,2.5,Braun
KA-0708-W,Wein­bren­ner­platz,Yorck­stra­ße/­So­phien­straße,2024-12-31,18:00,78.6,1.5,Weiß
KA-0709-G,Wein­bren­ner­platz,Yorck­stra­ße/­So­phien­straße,2024-12-31,14:00,100.0,1.5,Grün
KA-0710-B,Wein­bren­ner­platz,Yorck­stra­ße/­So­phien­straße,2024-12-31,16:00,83.2,1.5,Braun
KA-0711-W,Wein­bren­ner­platz,Yorck­straße vor Nr. 49,2024-12-31,20:00,100.0,2.5,Weiß
KA-0712-G,Wein­bren­ner­platz,Yorck­straße vor Nr. 49,2024-12-31,14:00,100.0,2.5,Grün
KA-0713-B,Wein­bren­ner­platz,Yorck­straße vor Nr. 49,2024-12-31,20:00,100.0,2.5,Braun
KA-0714-W,Wolfarts­weier,Albert-Einstein-Straße/Tie­fen­tal­straße (Zünd­hüt­le),2024-12-31,18:00,100.0,2.5,Weiß
KA-0715-G,Wolfarts­weier,Albert-Einstein-Straße/Tie­fen­tal­straße (Zünd­hüt­le),2024-12-31,12:00,84.7,2.5,Grün
KA-0716-B,Wolfarts­weier,Albert-Einstein-Straße/Tie­fen­tal­straße (Zünd­hüt­le),2024-12-31,20:00,64.6,2.5,Braun
KA-0717-W,Schloß­berg­straße (beim Freibad),Stein­kreuz­straße (bei ausge­dien­ter Bushal­te­stel­le),2024-12-31,20:00,100.0,2.5,Weiß
KA-0718-G,Schloß­berg­straße (beim Freibad),Stein­kreuz­straße (bei ausge­dien­ter Bushal­te­stel­le),2024-12-31,16:00,62.9,2.5,Grün
KA-0719-W,Schloß­berg­straße (beim Freibad),Wetter­stein­stra­ße/Tal­wie­sen­stra­ße,2024-12-31,18:00,100.0,2.5,Weiß
KA-0720-G,Schloß­berg­straße (beim Freibad),Wetter­stein­stra­ße/Tal­wie­sen­stra­ße,2024-12-31,18:00,100.0,2.5,Grün
